// Generated by fdlib.tflite_export -- do not edit by hand.
// source: model.tflite  (23080 bytes)
// preprocess signature: 2574e6104c95
#pragma once
#include <cstdint>

alignas(16) const unsigned char g_model[] = {
  0x1c, 0x00, 0x00, 0x00, 0x54, 0x46, 0x4c, 0x33, 0x14, 0x00, 0x20, 0x00,
  0x1c, 0x00, 0x18, 0x00, 0x14, 0x00, 0x10, 0x00, 0x0c, 0x00, 0x00, 0x00,
  0x08, 0x00, 0x04, 0x00, 0x14, 0x00, 0x00, 0x00, 0x1c, 0x00, 0x00, 0x00,
  0x84, 0x00, 0x00, 0x00, 0xdc, 0x00, 0x00, 0x00, 0x28, 0x25, 0x00, 0x00,
  0x38, 0x25, 0x00, 0x00, 0x40, 0x59, 0x00, 0x00, 0x03, 0x00, 0x00, 0x00,
  0x01, 0x00, 0x00, 0x00, 0x04, 0x00, 0x00, 0x00, 0x06, 0xd7, 0xff, 0xff,
  0x0c, 0x00, 0x00, 0x00, 0x1c, 0x00, 0x00, 0x00, 0x3c, 0x00, 0x00, 0x00,
  0x0f, 0x00, 0x00, 0x00, 0x73, 0x65, 0x72, 0x76, 0x69, 0x6e, 0x67, 0x5f,
  0x64, 0x65, 0x66, 0x61, 0x75, 0x6c, 0x74, 0x00, 0x01, 0x00, 0x00, 0x00,
  0x04, 0x00, 0x00, 0x00, 0x98, 0xff, 0xff, 0xff, 0x26, 0x00, 0x00, 0x00,
  0x04, 0x00, 0x00, 0x00, 0x08, 0x00, 0x00, 0x00, 0x6f, 0x75, 0x74, 0x70,
  0x75, 0x74, 0x5f, 0x30, 0x00, 0x00, 0x00, 0x00, 0x01, 0x00, 0x00, 0x00,
  0x04, 0x00, 0x00, 0x00, 0x8a, 0xda, 0xff, 0xff, 0x04, 0x00, 0x00, 0x00,
  0x06, 0x00, 0x00, 0x00, 0x77, 0x69, 0x6e, 0x64, 0x6f, 0x77, 0x00, 0x00,
  0x02, 0x00, 0x00, 0x00, 0x34, 0x00, 0x00, 0x00, 0x04, 0x00, 0x00, 0x00,
  0xdc, 0xff, 0xff, 0xff, 0x29, 0x00, 0x00, 0x00, 0x04, 0x00, 0x00, 0x00,
  0x13, 0x00, 0x00, 0x00, 0x43, 0x4f, 0x4e, 0x56, 0x45, 0x52, 0x53, 0x49,
  0x4f, 0x4e, 0x5f, 0x4d, 0x45, 0x54, 0x41, 0x44, 0x41, 0x54, 0x41, 0x00,
  0x08, 0x00, 0x0c, 0x00, 0x08, 0x00, 0x04, 0x00, 0x08, 0x00, 0x00, 0x00,
  0x28, 0x00, 0x00, 0x00, 0x04, 0x00, 0x00, 0x00, 0x13, 0x00, 0x00, 0x00,
  0x6d, 0x69, 0x6e, 0x5f, 0x72, 0x75, 0x6e, 0x74, 0x69, 0x6d, 0x65, 0x5f,
  0x76, 0x65, 0x72, 0x73, 0x69, 0x6f, 0x6e, 0x00, 0x2a, 0x00, 0x00, 0x00,
  0x48, 0x24, 0x00, 0x00, 0x40, 0x24, 0x00, 0x00, 0x2c, 0x24, 0x00, 0x00,
  0x10, 0x24, 0x00, 0x00, 0xfc, 0x23, 0x00, 0x00, 0xe0, 0x23, 0x00, 0x00,
  0xc4, 0x23, 0x00, 0x00, 0xa8, 0x23, 0x00, 0x00, 0x8c, 0x23, 0x00, 0x00,
  0x1c, 0x23, 0x00, 0x00, 0x8c, 0x22, 0x00, 0x00, 0x7c, 0x1a, 0x00, 0x00,
  0x6c, 0x19, 0x00, 0x00, 0x5c, 0x0d, 0x00, 0x00, 0x8c, 0x0c, 0x00, 0x00,
  0xec, 0x0b, 0x00, 0x00, 0x1c, 0x0b, 0x00, 0x00, 0x8c, 0x06, 0x00, 0x00,
  0x1c, 0x06, 0x00, 0x00, 0x94, 0x05, 0x00, 0x00, 0x24, 0x05, 0x00, 0x00,
  0x24, 0x01, 0x00, 0x00, 0x1c, 0x01, 0x00, 0x00, 0x14, 0x01, 0x00, 0x00,
  0x0c, 0x01, 0x00, 0x00, 0x04, 0x01, 0x00, 0x00, 0xfc, 0x00, 0x00, 0x00,
  0xf4, 0x00, 0x00, 0x00, 0xec, 0x00, 0x00, 0x00, 0xe4, 0x00, 0x00, 0x00,
  0xdc, 0x00, 0x00, 0x00, 0xd4, 0x00, 0x00, 0x00, 0xcc, 0x00, 0x00, 0x00,
  0xc4, 0x00, 0x00, 0x00, 0xbc, 0x00, 0x00, 0x00, 0xb4, 0x00, 0x00, 0x00,
  0xac, 0x00, 0x00, 0x00, 0xa4, 0x00, 0x00, 0x00, 0x9c, 0x00, 0x00, 0x00,
  0x94, 0x00, 0x00, 0x00, 0x74, 0x00, 0x00, 0x00, 0x04, 0x00, 0x00, 0x00,
  0xa6, 0xdb, 0xff, 0xff, 0x04, 0x00, 0x00, 0x00, 0x60, 0x00, 0x00, 0x00,
  0x0c, 0x00, 0x00, 0x00, 0x08, 0x00, 0x0e, 0x00, 0x08, 0x00, 0x04, 0x00,
  0x08, 0x00, 0x00, 0x00, 0x10, 0x00, 0x00, 0x00, 0x28, 0x00, 0x00, 0x00,
  0x00, 0x00, 0x06, 0x00, 0x08, 0x00, 0x04, 0x00, 0x06, 0x00, 0x00, 0x00,
  0x04, 0x00, 0x00, 0x00, 0x01, 0x00, 0x00, 0x00, 0xeb, 0x03, 0x00, 0x00,
  0x0c, 0x00, 0x18, 0x00, 0x14, 0x00, 0x10, 0x00, 0x0c, 0x00, 0x04, 0x00,
  0x0c, 0x00, 0x00, 0x00, 0xc6, 0xd0, 0x61, 0x54, 0x69, 0x8f, 0x83, 0x1d,
  0x02, 0x00, 0x00, 0x00, 0x02, 0x00, 0x00, 0x00, 0x04, 0x00, 0x00, 0x00,
  0x06, 0x00, 0x00, 0x00, 0x32, 0x2e, 0x32, 0x30, 0x2e, 0x30, 0x00, 0x00,
  0x12, 0xdc, 0xff, 0xff, 0x04, 0x00, 0x00, 0x00, 0x10, 0x00, 0x00, 0x00,
  0x31, 0x2e, 0x31, 0x34, 0x2e, 0x30, 0x00, 0x00, 0x00, 0x00, 0x00, 0x00,
  0x00, 0x00, 0x00, 0x00, 0x8c, 0xa9, 0xff, 0xff, 0x90, 0xa9, 0xff, 0xff,
  0x94, 0xa9, 0xff, 0xff, 0x98, 0xa9, 0xff, 0xff, 0x9c, 0xa9, 0xff, 0xff,
  0xa0, 0xa9, 0xff, 0xff, 0xa4, 0xa9, 0xff, 0xff, 0xa8, 0xa9, 0xff, 0xff,
  0xac, 0xa9, 0xff, 0xff, 0xb0, 0xa9, 0xff, 0xff, 0xb4, 0xa9, 0xff, 0xff,
  0xb8, 0xa9, 0xff, 0xff, 0xbc, 0xa9, 0xff, 0xff, 0xc0, 0xa9, 0xff, 0xff,
  0xc4, 0xa9, 0xff, 0xff, 0xc8, 0xa9, 0xff, 0xff, 0xcc, 0xa9, 0xff, 0xff,
  0xd0, 0xa9, 0xff, 0xff, 0x76, 0xdc, 0xff, 0xff, 0x04, 0x00, 0x00, 0x00,
  0xf0, 0x03, 0x00, 0x00, 0x0f, 0xa1, 0xe0, 0xe1, 0x01, 0xfc, 0xdf, 0xc5,
  0xb7, 0x01, 0x1b, 0xa0, 0x25, 0xcf, 0x81, 0xde, 0xf8, 0x1b, 0x2c, 0x1e,
  0x81, 0xf9, 0xf9, 0x45, 0xde, 0xe7, 0xfa, 0x11, 0x02, 0x17, 0xe6, 0xd3,
  0x0f, 0xeb, 0x07, 0x21, 0x1c, 0x21, 0x11, 0x30, 0xc2, 0xee, 0x06, 0xf9,
  0x2c, 0x0a, 0xe7, 0xf9, 0x81, 0xc9, 0x21, 0xf5, 0x47, 0x2b, 0xa8, 0x21,
  0x9d, 0xe8, 0xfd, 0x21, 0x23, 0x21, 0xc1, 0xd8, 0x03, 0xda, 0xbb, 0xc7,
  0x92, 0xba, 0x1a, 0x1f, 0x06, 0x65, 0x26, 0x05, 0xf1, 0xfd, 0xd0, 0xf0,
  0x6a, 0x1c, 0x25, 0xee, 0x64, 0x1f, 0xe9, 0xcc, 0x2c, 0xfc, 0x00, 0xfb,
  0xe5, 0xf8, 0xe9, 0xfc, 0x36, 0x01, 0xfc, 0xe2, 0xfa, 0xf7, 0x7f, 0x10,
  0xe5, 0xd8, 0x30, 0x13, 0x66, 0xe9, 0xf4, 0xf6, 0x1d, 0x04, 0x0a, 0xdf,
  0x13, 0xf5, 0x0b, 0xfa, 0x68, 0x16, 0x0c, 0x06, 0xf9, 0x26, 0xeb, 0x7f,
  0x27, 0xf5, 0x68, 0xdd, 0x4a, 0x5e, 0x11, 0xf0, 0xff, 0xcb, 0x09, 0xfa,
  0x0e, 0x1f, 0x11, 0xf0, 0x9e, 0x0f, 0x13, 0xe6, 0x33, 0xe2, 0x25, 0x18,
  0xef, 0xd5, 0xe7, 0xfb, 0x12, 0xe4, 0xfe, 0xfd, 0xfc, 0x32, 0xdd, 0xc7,
  0xd9, 0xfd, 0xea, 0x23, 0xf7, 0x0f, 0x7f, 0x31, 0xf7, 0xed, 0x33, 0xe5,
  0x65, 0x05, 0x1b, 0x51, 0xd8, 0x25, 0x75, 0x20, 0x2c, 0xe4, 0xeb, 0x1d,
  0x20, 0xe0, 0xe1, 0x31, 0xfc, 0x31, 0x60, 0x19, 0xf2, 0x2e, 0x40, 0xed,
  0x1c, 0xff, 0xe3, 0xd0, 0xc7, 0xd5, 0xbc, 0x1c, 0x24, 0xd4, 0xe3, 0x9d,
  0x7f, 0x36, 0x14, 0xce, 0x42, 0x00, 0x57, 0x06, 0x0e, 0x07, 0xc9, 0xe7,
  0x53, 0x04, 0x0a, 0x49, 0x99, 0xac, 0x18, 0x0a, 0xe3, 0xa4, 0xd5, 0x56,
  0x6b, 0xbf, 0x98, 0x06, 0xc0, 0x01, 0x7d, 0x6c, 0xf4, 0xd5, 0x36, 0x5e,
  0x66, 0x45, 0x53, 0xf8, 0xf7, 0xda, 0x21, 0x0f, 0xef, 0x12, 0xfe, 0x06,
  0xf3, 0x1b, 0xf2, 0xea, 0xfd, 0x05, 0xce, 0xf9, 0x14, 0xf7, 0xf9, 0xff,
  0x81, 0xe0, 0xf8, 0x0a, 0x13, 0x2f, 0xeb, 0xf9, 0x0c, 0x20, 0x15, 0x00,
  0xcb, 0xf8, 0xf0, 0xeb, 0xf4, 0x05, 0x1b, 0xf2, 0x04, 0xed, 0x17, 0xc6,
  0x1d, 0xe8, 0x19, 0xfc, 0xb7, 0xf5, 0xee, 0x0f, 0xf0, 0xdc, 0x06, 0xdd,
  0xf4, 0x00, 0xc8, 0x2d, 0x2c, 0x1a, 0x41, 0x0c, 0x18, 0xcc, 0xa9, 0x0b,
  0x40, 0xbc, 0x28, 0x18, 0xab, 0xb1, 0xd6, 0x08, 0xdd, 0x01, 0x7f, 0x64,
  0xb8, 0x08, 0x09, 0x08, 0xfb, 0xcb, 0x4b, 0x1c, 0x17, 0x31, 0x5d, 0xb0,
  0x22, 0x47, 0x65, 0x97, 0x05, 0x2f, 0xee, 0xf4, 0xa6, 0x81, 0x21, 0x2c,
  0x75, 0x11, 0x3b, 0x3a, 0xbd, 0x27, 0xe1, 0xc4, 0xbf, 0x43, 0xfe, 0xbc,
  0x90, 0x2a, 0x37, 0xd6, 0xf1, 0x3b, 0xbf, 0x38, 0xc5, 0xd8, 0x05, 0x2e,
  0xf7, 0x0c, 0xfd, 0x1b, 0x09, 0x22, 0xd0, 0x0f, 0xfa, 0xeb, 0x23, 0x45,
  0xed, 0x38, 0x18, 0xee, 0x36, 0x7f, 0xf3, 0xde, 0xf6, 0xf2, 0xbf, 0x55,
  0x45, 0x20, 0x2a, 0x10, 0x0e, 0x27, 0x3c, 0x05, 0xe7, 0x18, 0xe8, 0x44,
  0x0a, 0xc6, 0xf9, 0xec, 0x3b, 0x74, 0xf8, 0x12, 0xec, 0x03, 0x1c, 0x29,
  0xab, 0xd3, 0xf2, 0xd2, 0x06, 0xc4, 0xce, 0x5c, 0x2b, 0xc6, 0x1d, 0xa7,
  0x81, 0x02, 0xc0, 0x95, 0xcd, 0x2d, 0x07, 0x11, 0x38, 0x19, 0xb3, 0xb9,
  0x70, 0x28, 0x16, 0xe3, 0xb7, 0xd3, 0x68, 0xe4, 0xe2, 0x21, 0xe4, 0x4a,
  0x29, 0xd0, 0x1f, 0xf5, 0x22, 0x52, 0xd9, 0xed, 0x12, 0x38, 0xe6, 0x28,
  0x1c, 0xc5, 0xf9, 0x07, 0x12, 0x18, 0xe2, 0x30, 0xba, 0xe6, 0xe6, 0x50,
  0xe6, 0xf8, 0x12, 0x0e, 0x19, 0x7f, 0xd9, 0x16, 0xfb, 0x13, 0xfa, 0x3d,
  0xe9, 0xca, 0xf0, 0xe0, 0xf9, 0xde, 0x4e, 0x8a, 0xb4, 0x08, 0xdf, 0xf9,
  0x30, 0xe5, 0xda, 0x7c, 0xe3, 0xc1, 0xec, 0x42, 0x26, 0xda, 0x42, 0xd5,
  0x7b, 0xf5, 0x44, 0x46, 0x43, 0x5a, 0x66, 0xff, 0x26, 0x0a, 0xff, 0x29,
  0x43, 0x7f, 0x47, 0xfc, 0x37, 0xd8, 0xd6, 0x54, 0xc5, 0x30, 0xd7, 0x04,
  0xe5, 0x17, 0xe9, 0x15, 0x1c, 0x02, 0xe1, 0x1e, 0x17, 0x06, 0x20, 0xe8,
  0x1e, 0x24, 0xff, 0xea, 0xe0, 0x30, 0x1b, 0xcc, 0xd8, 0x59, 0xd0, 0x02,
  0xe6, 0xc5, 0xd7, 0xbf, 0x29, 0x7f, 0xcc, 0xc0, 0xfe, 0xad, 0xfd, 0x10,
  0xc9, 0xf2, 0x31, 0x44, 0x8b, 0xd6, 0x08, 0xc1, 0x0a, 0xc4, 0x8a, 0x31,
  0x00, 0xd9, 0x3d, 0xc2, 0xca, 0xd6, 0x19, 0xb1, 0xf0, 0x0a, 0x11, 0x36,
  0xe9, 0xed, 0xcf, 0x06, 0x2d, 0xc4, 0x2a, 0x81, 0xed, 0xd9, 0xf4, 0x22,
  0x2d, 0xd1, 0x17, 0xca, 0xab, 0x1b, 0xf1, 0xf5, 0x5c, 0x0e, 0x23, 0x92,
  0x10, 0x0f, 0x2e, 0xf7, 0xd2, 0x81, 0x43, 0xe5, 0x1d, 0xd1, 0xd8, 0xb4,
  0xde, 0xa0, 0xd7, 0x15, 0x9f, 0xb8, 0x20, 0x3a, 0xf4, 0xae, 0xd2, 0x34,
  0x1a, 0x16, 0xfe, 0x19, 0xf3, 0x46, 0xf1, 0xeb, 0x16, 0xfc, 0x43, 0x7b,
  0xa3, 0xc3, 0x54, 0xf7, 0xc3, 0x47, 0x1d, 0xcb, 0xa9, 0x1a, 0x41, 0x11,
  0xf2, 0xcc, 0xd3, 0x14, 0xe9, 0x04, 0xf9, 0xeb, 0x0b, 0x48, 0x81, 0xfb,
  0x17, 0x4b, 0xab, 0xdc, 0x62, 0x9f, 0xf6, 0xf1, 0x36, 0x00, 0xc8, 0x33,
  0xd3, 0xbb, 0x2e, 0x27, 0xcd, 0x0d, 0x04, 0x30, 0x02, 0xc3, 0xd0, 0x2b,
  0x0e, 0xec, 0x37, 0xfc, 0x29, 0xeb, 0x5a, 0xc0, 0xd1, 0x11, 0x1e, 0x5c,
  0x81, 0x1d, 0x28, 0x00, 0xda, 0xb9, 0x06, 0x18, 0x08, 0xf1, 0xed, 0xb6,
  0x06, 0x55, 0xd2, 0xff, 0x33, 0xe3, 0xd2, 0x13, 0xdf, 0xea, 0xe4, 0x21,
  0x3b, 0xa2, 0x15, 0x27, 0x0c, 0x3e, 0x0d, 0x7d, 0xfd, 0x28, 0xee, 0xf8,
  0xf7, 0x7f, 0xe6, 0x22, 0x1a, 0x36, 0xc0, 0x2a, 0xfc, 0xe1, 0xe8, 0xbe,
  0x01, 0x47, 0x2c, 0x16, 0xd6, 0x2c, 0xfd, 0x44, 0xdd, 0x3d, 0x07, 0x61,
  0x53, 0xdc, 0x62, 0x1e, 0xe4, 0xb4, 0x27, 0x86, 0xc6, 0xd8, 0xd6, 0x10,
  0xa5, 0x52, 0xf5, 0x27, 0xeb, 0xd3, 0x05, 0xfd, 0x02, 0x48, 0xf5, 0x08,
  0x03, 0x22, 0xed, 0xf4, 0x22, 0x23, 0xfb, 0x3d, 0xc8, 0x5c, 0xce, 0xcb,
  0xd7, 0x09, 0x16, 0x5e, 0x25, 0xbc, 0xe7, 0x27, 0x3d, 0x7f, 0xd9, 0xb7,
  0x38, 0x3c, 0xc5, 0x3c, 0xd8, 0xeb, 0x00, 0xbe, 0xdc, 0x30, 0x31, 0x26,
  0xef, 0xf1, 0xf6, 0x13, 0xd1, 0xae, 0x0f, 0x50, 0x3a, 0xb8, 0xe8, 0x9b,
  0xc0, 0xcd, 0x07, 0xfc, 0x43, 0xb6, 0x48, 0x0f, 0xf2, 0x3f, 0xe8, 0xdb,
  0xc9, 0xd3, 0x2f, 0xed, 0x02, 0x08, 0x81, 0xd9, 0xf1, 0x23, 0xfc, 0x07,
  0xdd, 0x03, 0xf3, 0xf9, 0xee, 0xf3, 0x00, 0x11, 0xf9, 0xde, 0x19, 0xe9,
  0xfe, 0x1b, 0xe7, 0x2c, 0x05, 0x81, 0x0e, 0xed, 0x15, 0xf6, 0x38, 0xa1,
  0x25, 0xff, 0x05, 0x1a, 0x06, 0xe6, 0x08, 0xea, 0xfd, 0x03, 0x0b, 0xfc,
  0x01, 0xeb, 0xf6, 0x08, 0x2f, 0xca, 0x27, 0xcb, 0x4d, 0xe2, 0x3f, 0xb8,
  0x75, 0xa6, 0x01, 0x21, 0x1d, 0xe0, 0xc2, 0x81, 0xdc, 0x30, 0x2e, 0xb1,
  0x39, 0xed, 0xc8, 0xd0, 0x5a, 0xec, 0x61, 0x8f, 0xa4, 0xb1, 0xc5, 0x44,
  0xf2, 0x4c, 0xc5, 0xb3, 0xb3, 0x01, 0xff, 0xcf, 0xd2, 0x07, 0x4e, 0xce,
  0xd6, 0x40, 0xfc, 0xf7, 0xe0, 0xcd, 0x9f, 0x5e, 0x27, 0xfb, 0xea, 0xd7,
  0xfb, 0xef, 0xf3, 0x99, 0x3a, 0xa1, 0xe2, 0x6c, 0xc8, 0xba, 0x19, 0x03,
  0xf3, 0x7f, 0x01, 0xb9, 0xda, 0x11, 0x40, 0xd9, 0xf6, 0xa4, 0x0f, 0x26,
  0x13, 0x18, 0x02, 0xc4, 0x72, 0xe0, 0xff, 0xff, 0x04, 0x00, 0x00, 0x00,
  0x60, 0x00, 0x00, 0x00, 0x1b, 0x08, 0x00, 0x00, 0xf6, 0xfc, 0xff, 0xff,
  0x4c, 0x01, 0x00, 0x00, 0xbc, 0x00, 0x00, 0x00, 0x29, 0xfc, 0xff, 0xff,
  0x46, 0x01, 0x00, 0x00, 0x9e, 0xfc, 0xff, 0xff, 0x9a, 0x04, 0x00, 0x00,
  0x93, 0xfe, 0xff, 0xff, 0x67, 0x04, 0x00, 0x00, 0x51, 0x01, 0x00, 0x00,
  0xf4, 0x00, 0x00, 0x00, 0x50, 0xfd, 0xff, 0xff, 0x7c, 0xfd, 0xff, 0xff,
  0xab, 0x00, 0x00, 0x00, 0x64, 0xfe, 0xff, 0xff, 0x3d, 0xff, 0xff, 0xff,
  0x99, 0xff, 0xff, 0xff, 0xde, 0x02, 0x00, 0x00, 0xe0, 0xfe, 0xff, 0xff,
  0x7d, 0x03, 0x00, 0x00, 0x8d, 0x00, 0x00, 0x00, 0xa5, 0x00, 0x00, 0x00,
  0x90, 0x04, 0x00, 0x00, 0xde, 0xe0, 0xff, 0xff, 0x04, 0x00, 0x00, 0x00,
  0x78, 0x00, 0x00, 0x00, 0xf8, 0x29, 0x79, 0x7f, 0x7f, 0x46, 0x00, 0xa4,
  0x42, 0x2f, 0x81, 0x81, 0x09, 0x7f, 0x81, 0x20, 0xab, 0x6a, 0x32, 0xbb,
  0x61, 0x10, 0x81, 0x93, 0x34, 0x20, 0xf6, 0x68, 0x74, 0x7f, 0xaf, 0x7f,
  0xf9, 0xf0, 0x04, 0xdf, 0x1b, 0xdf, 0xb9, 0x42, 0x90, 0x7f, 0xf9, 0xc9,
  0x02, 0x32, 0xc7, 0xb4, 0xaa, 0x7f, 0x34, 0x82, 0x59, 0xbb, 0xa0, 0xb5,
  0x7f, 0x69, 0xf1, 0xa0, 0x7f, 0x92, 0x2a, 0xfc, 0xf3, 0x68, 0x7f, 0x81,
  0x29, 0x4f, 0xe0, 0x41, 0x74, 0x00, 0x4f, 0x48, 0xc0, 0x5f, 0xd5, 0x15,
  0x26, 0x97, 0x4f, 0x4f, 0xc3, 0xb5, 0x61, 0x7f, 0xca, 0x42, 0xfc, 0xf0,
  0x81, 0xc3, 0x4e, 0x81, 0x7f, 0xc0, 0x81, 0xf0, 0xe0, 0xbb, 0x81, 0x0d,
  0x3c, 0x81, 0x4f, 0x18, 0x67, 0x94, 0x1f, 0x23, 0x7f, 0xe4, 0x17, 0x0b,
  0xbe, 0x7f, 0xb1, 0x34, 0x62, 0xe1, 0xff, 0xff, 0x04, 0x00, 0x00, 0x00,
  0x60, 0x00, 0x00, 0x00, 0x00, 0x00, 0x00, 0x00, 0x00, 0x00, 0x00, 0x00,
  0x00, 0x00, 0x00, 0x00, 0x00, 0x00, 0x00, 0x00, 0x00, 0x00, 0x00, 0x00,
  0x00, 0x00, 0x00, 0x00, 0x00, 0x00, 0x00, 0x00, 0x00, 0x00, 0x00, 0x00,
  0x00, 0x00, 0x00, 0x00, 0x00, 0x00, 0x00, 0x00, 0x00, 0x00, 0x00, 0x00,
  0x00, 0x00, 0x00, 0x00, 0x00, 0x00, 0x00, 0x00, 0x00, 0x00, 0x00, 0x00,
  0x00, 0x00, 0x00, 0x00, 0x00, 0x00, 0x00, 0x00, 0x00, 0x00, 0x00, 0x00,
  0x00, 0x00, 0x00, 0x00, 0x00, 0x00, 0x00, 0x00, 0x00, 0x00, 0x00, 0x00,
  0x00, 0x00, 0x00, 0x00, 0x00, 0x00, 0x00, 0x00, 0x00, 0x00, 0x00, 0x00,
  0x00, 0x00, 0x00, 0x00, 0xce, 0xe1, 0xff, 0xff, 0x04, 0x00, 0x00, 0x00,
  0x80, 0x04, 0x00, 0x00, 0x05, 0x15, 0x54, 0xe8, 0xd5, 0x33, 0x03, 0x23,
  0xf3, 0xc3, 0x22, 0xec, 0x27, 0xd5, 0xcc, 0x0e, 0x33, 0x81, 0x1d, 0x0a,
  0xa5, 0x3b, 0x37, 0xeb, 0x0d, 0x0c, 0x11, 0xcf, 0xfb, 0x1a, 0xd9, 0x32,
  0x00, 0x15, 0xf8, 0xcd, 0xcb, 0x81, 0xc1, 0xd7, 0xb4, 0xd7, 0xf1, 0x23,
  0xd2, 0x08, 0xe5, 0x9e, 0x49, 0xac, 0xa4, 0x18, 0xfe, 0xa9, 0x09, 0x13,
  0xb8, 0xa8, 0x7f, 0xf0, 0xe3, 0x15, 0x02, 0x2e, 0x7a, 0xb6, 0xf2, 0x39,
  0xe5, 0x21, 0xf8, 0x30, 0x18, 0xc6, 0xc4, 0x40, 0xff, 0xa2, 0xf0, 0x29,
  0x00, 0xd1, 0xa4, 0x8e, 0xfd, 0xe7, 0xea, 0x95, 0xa2, 0xcb, 0x7f, 0x48,
  0x36, 0x8f, 0x3f, 0x5c, 0xff, 0xb9, 0xbd, 0xf8, 0xe4, 0x16, 0xe8, 0xf7,
  0xf6, 0xf4, 0x45, 0x32, 0xf6, 0xd8, 0x02, 0xf0, 0x2b, 0x81, 0x0d, 0x1a,
  0xdd, 0xfc, 0xf0, 0x0c, 0xfd, 0xea, 0x25, 0x13, 0x45, 0x57, 0x66, 0xd2,
  0xb2, 0x21, 0x81, 0xbf, 0xbc, 0x7d, 0x10, 0xb8, 0xfb, 0xe7, 0xde, 0x74,
  0x3f, 0xde, 0x3f, 0x31, 0xd2, 0xd4, 0x40, 0xc1, 0x5c, 0x75, 0x9e, 0x07,
  0x47, 0x81, 0xee, 0xbe, 0x69, 0xaf, 0x05, 0x3f, 0x59, 0xa7, 0xd6, 0x15,
  0xd3, 0x3c, 0x3b, 0x3b, 0xff, 0x2e, 0xfd, 0xd1, 0xfc, 0xc0, 0x7f, 0xfa,
  0xcd, 0xea, 0x1d, 0x05, 0x4e, 0x25, 0x11, 0x5a, 0x0b, 0xef, 0xec, 0x04,
  0xe7, 0x3d, 0x1d, 0xe9, 0xcb, 0x38, 0x7f, 0x50, 0x0a, 0x29, 0x27, 0x98,
  0xb2, 0x6c, 0x0d, 0x28, 0x0d, 0xcb, 0x3b, 0x15, 0xbd, 0xd0, 0xb7, 0xbb,
  0xb8, 0x23, 0xf1, 0xad, 0xdf, 0xbd, 0x21, 0x24, 0x29, 0xcf, 0xf1, 0x2c,
  0xa5, 0xfd, 0x4d, 0x71, 0x0a, 0xcd, 0x8f, 0xf0, 0xd8, 0x4b, 0x81, 0x0b,
  0x05, 0x1e, 0xcb, 0xd4, 0xcd, 0xeb, 0xab, 0xd7, 0xf8, 0xa6, 0x11, 0x7f,
  0x05, 0x21, 0xb7, 0x12, 0xf0, 0x47, 0xb3, 0xc3, 0x1c, 0xde, 0x43, 0x4e,
  0xdd, 0xf7, 0xea, 0x51, 0x62, 0xf4, 0xf4, 0x81, 0x0e, 0x6c, 0x00, 0x31,
  0x25, 0xbf, 0xe7, 0x22, 0x3a, 0x23, 0x42, 0xfd, 0x7f, 0xd4, 0x0c, 0xfd,
  0xae, 0xd5, 0x01, 0x14, 0xfa, 0x43, 0xf1, 0xfe, 0x2c, 0x90, 0xb4, 0x15,
  0x05, 0x7f, 0x0a, 0xe8, 0x84, 0xc6, 0x95, 0x75, 0x2b, 0xcc, 0x2a, 0xa4,
  0x18, 0x34, 0x29, 0x8e, 0xa0, 0x27, 0x52, 0xf2, 0x2b, 0x17, 0x4c, 0x14,
  0x28, 0x48, 0xa0, 0x9f, 0x6c, 0x2b, 0x81, 0x50, 0xbd, 0x15, 0xfa, 0x0f,
  0x40, 0xa7, 0xe7, 0xf6, 0xe9, 0x27, 0x24, 0xce, 0x1a, 0x40, 0x06, 0x0f,
  0x25, 0xd1, 0x23, 0x44, 0x7b, 0x06, 0x3c, 0x3b, 0xcf, 0x14, 0xec, 0x81,
  0xf2, 0x66, 0xa2, 0xb6, 0xc8, 0x0f, 0x52, 0x1c, 0xfb, 0xc7, 0x13, 0x81,
  0x2b, 0x1a, 0x4a, 0x2f, 0xe4, 0x12, 0xf9, 0xac, 0xd5, 0x32, 0x15, 0xc9,
  0xa0, 0xa6, 0x0f, 0xdb, 0xbe, 0x4a, 0x5a, 0xc7, 0x56, 0xfc, 0xfb, 0xd4,
  0xbe, 0x2e, 0xd0, 0xc6, 0x63, 0x36, 0x03, 0x31, 0xa5, 0x18, 0xb3, 0x7d,
  0x14, 0xe8, 0x81, 0x4e, 0x27, 0x2b, 0xbf, 0xda, 0x38, 0xe0, 0x17, 0xb6,
  0x2b, 0x7f, 0xf1, 0x1a, 0x02, 0x40, 0x30, 0xed, 0x31, 0x06, 0xeb, 0x1e,
  0xa3, 0x0c, 0xf7, 0x22, 0x81, 0x06, 0xd4, 0xe1, 0xc2, 0xf6, 0xed, 0x05,
  0xe3, 0x1a, 0x02, 0x4c, 0x4e, 0x38, 0xc1, 0xcf, 0xe9, 0x3e, 0x3d, 0x31,
  0xe3, 0x22, 0xc4, 0x49, 0xfc, 0x46, 0xae, 0xdf, 0xd6, 0x27, 0xcd, 0xc8,
  0x10, 0xdd, 0xc3, 0xfb, 0x04, 0x41, 0x4a, 0x81, 0xf1, 0xd7, 0x3d, 0xfa,
  0x03, 0x04, 0x30, 0x39, 0x02, 0xf4, 0xcb, 0xee, 0xad, 0x12, 0x7f, 0xe8,
  0xb3, 0x2d, 0x5d, 0x29, 0x2d, 0xef, 0x31, 0x3e, 0xf5, 0xbb, 0xf6, 0xc2,
  0x08, 0x57, 0xfb, 0xe7, 0x69, 0x61, 0x92, 0x81, 0x49, 0x34, 0xde, 0x03,
  0xb6, 0xb3, 0xd2, 0x44, 0x00, 0xee, 0xac, 0x3e, 0xef, 0xe1, 0x18, 0xcd,
  0x90, 0xd9, 0xed, 0xc8, 0xa7, 0x3f, 0x41, 0x34, 0x4c, 0x7f, 0xa2, 0xb0,
  0x37, 0xd4, 0x5b, 0xe3, 0x16, 0x21, 0x77, 0xce, 0xca, 0x09, 0xe6, 0x2c,
  0x5b, 0xa3, 0x2d, 0xc9, 0xbf, 0x25, 0x55, 0xca, 0xc9, 0x09, 0x25, 0x83,
  0x7f, 0xde, 0xe3, 0xdf, 0x17, 0xd3, 0xf1, 0x1a, 0xef, 0x7b, 0xb9, 0xa9,
  0x0a, 0xa2, 0x27, 0xcf, 0x2f, 0x33, 0x14, 0xa5, 0xe5, 0xe5, 0x2a, 0xa2,
  0x36, 0x5b, 0xa9, 0xcb, 0xc0, 0xfd, 0x58, 0x21, 0xb2, 0xab, 0x57, 0x92,
  0xf5, 0xf8, 0xce, 0x81, 0x65, 0xb4, 0x00, 0x19, 0x64, 0x0d, 0x20, 0xd7,
  0xf5, 0x64, 0x41, 0x81, 0xa2, 0x2d, 0xc2, 0x47, 0xf0, 0xc6, 0xb9, 0xdc,
  0x93, 0x47, 0xe3, 0x00, 0x0f, 0x85, 0x81, 0x1d, 0xbd, 0xe0, 0x25, 0xf8,
  0xf3, 0x10, 0x3c, 0x37, 0xda, 0x93, 0xba, 0xed, 0xde, 0x07, 0x1e, 0x25,
  0xa8, 0x1b, 0xf9, 0x58, 0xd2, 0x40, 0x05, 0xde, 0x61, 0xb4, 0xf9, 0x12,
  0x60, 0x0d, 0x3d, 0xdb, 0x3c, 0x29, 0xc7, 0xff, 0xff, 0x00, 0x2c, 0xfe,
  0x7f, 0xc3, 0xdc, 0x37, 0xf4, 0x35, 0x0b, 0xc5, 0x27, 0x00, 0x21, 0x7f,
  0xd4, 0xca, 0xe6, 0x3b, 0x3b, 0xb3, 0x2f, 0xae, 0xe2, 0xd2, 0xda, 0x41,
  0xd1, 0x0a, 0xdd, 0x0f, 0x23, 0xd2, 0x22, 0x0b, 0xcd, 0xb1, 0x79, 0x05,
  0x22, 0x15, 0x81, 0x6e, 0x17, 0x4a, 0x05, 0x46, 0xe3, 0xd6, 0xa7, 0xb4,
  0x54, 0x21, 0xad, 0xd4, 0xd5, 0x47, 0x0c, 0x3e, 0xd4, 0x02, 0xf4, 0x08,
  0x22, 0xf8, 0xd0, 0x1f, 0x45, 0xc7, 0x81, 0x36, 0x22, 0x42, 0x50, 0xf2,
  0x43, 0x43, 0xdd, 0xac, 0x57, 0xcc, 0xa3, 0x1a, 0x17, 0xe6, 0x2e, 0x19,
  0xf3, 0xbb, 0xea, 0x42, 0x0a, 0x81, 0x14, 0xd1, 0x24, 0x0c, 0x31, 0x57,
  0xbf, 0xd4, 0xc6, 0xd7, 0xcf, 0xbd, 0x3b, 0x22, 0xd9, 0x45, 0xfc, 0x22,
  0x18, 0x0d, 0xba, 0xab, 0x32, 0xab, 0xdf, 0xab, 0xb3, 0x30, 0x7f, 0xd0,
  0xf9, 0xb6, 0xb1, 0xeb, 0x04, 0x42, 0x31, 0xb9, 0x81, 0xb3, 0x46, 0x30,
  0xe3, 0xf0, 0xa3, 0x12, 0x26, 0xe0, 0x35, 0xef, 0xec, 0xb1, 0xd1, 0xec,
  0x5a, 0xa4, 0xc9, 0xd6, 0xd0, 0xf4, 0x57, 0xaa, 0x18, 0xa3, 0x97, 0xbb,
  0xb0, 0x08, 0xfa, 0x2a, 0x99, 0xbe, 0xbd, 0xa0, 0xeb, 0xad, 0x54, 0x9e,
  0x1b, 0x7f, 0x4e, 0x8d, 0x29, 0x2b, 0x7b, 0x77, 0xe4, 0xe0, 0xa8, 0xfb,
  0x4c, 0xed, 0xaf, 0xdd, 0x1f, 0xfc, 0xfc, 0xa5, 0xe4, 0x9f, 0xd9, 0x3a,
  0x31, 0x36, 0x81, 0xbe, 0xf9, 0xa3, 0x24, 0x07, 0x0f, 0x91, 0xba, 0xbf,
  0xf9, 0x48, 0x08, 0xcf, 0xc4, 0x23, 0x39, 0xc0, 0xd0, 0x5f, 0x40, 0xe3,
  0x10, 0x81, 0xe0, 0x61, 0xe7, 0x2c, 0xc2, 0xb6, 0x10, 0x6c, 0x66, 0x3b,
  0x59, 0x37, 0x1b, 0xdb, 0xff, 0x0a, 0x4d, 0x0e, 0x7f, 0xf1, 0x3d, 0xe0,
  0x03, 0xb7, 0xdf, 0xec, 0x11, 0x05, 0x03, 0x2e, 0x3c, 0x00, 0x19, 0x13,
  0x03, 0x7f, 0x2d, 0xd1, 0x13, 0x24, 0xf6, 0x04, 0xf3, 0xea, 0x38, 0x1e,
  0xe9, 0x16, 0xf0, 0xf6, 0x17, 0xf0, 0x16, 0x97, 0x05, 0xe7, 0xe2, 0xb1,
  0x1a, 0xae, 0x6c, 0x3b, 0xab, 0xda, 0x81, 0x1c, 0x63, 0xfb, 0xfa, 0xff,
  0x34, 0x43, 0x72, 0x4b, 0xfd, 0x0b, 0xd3, 0x07, 0xa4, 0x64, 0xa8, 0xfc,
  0x8c, 0xd4, 0xe7, 0xbf, 0x95, 0x4f, 0x98, 0x37, 0x3d, 0xe0, 0xff, 0xd8,
  0xb5, 0x35, 0x66, 0x81, 0xe5, 0x04, 0x0b, 0x29, 0x11, 0xe3, 0x4a, 0xaf,
  0x34, 0xdf, 0x0f, 0x9e, 0x9f, 0xba, 0x16, 0x1a, 0xc3, 0x16, 0x7f, 0xbd,
  0x07, 0xdd, 0xbf, 0xf0, 0x42, 0x45, 0x56, 0x26, 0xc7, 0x23, 0xf5, 0x09,
  0xee, 0xe7, 0xec, 0x81, 0x41, 0x49, 0xde, 0xfb, 0xc1, 0xd4, 0xcf, 0x13,
  0xc9, 0x03, 0x15, 0x58, 0x9d, 0xc0, 0xe7, 0xce, 0xf3, 0x4b, 0xeb, 0x3a,
  0x06, 0xc4, 0xfd, 0x81, 0x1f, 0x6a, 0x98, 0x9a, 0xf2, 0x3c, 0x58, 0xe0,
  0x13, 0xe0, 0xa7, 0x85, 0xb1, 0xd2, 0x52, 0xd9, 0xee, 0xc9, 0x47, 0xc1,
  0x3f, 0x49, 0xa5, 0xd7, 0x64, 0x7f, 0x1c, 0xce, 0xf8, 0xee, 0x38, 0xd9,
  0x7e, 0x6b, 0xb9, 0x15, 0x0a, 0x81, 0xf4, 0x2b, 0xe8, 0xd0, 0x02, 0x0a,
  0x12, 0x48, 0xea, 0x5a, 0xf2, 0xfe, 0x33, 0xb3, 0xff, 0xe6, 0xc5, 0x41,
  0x12, 0xc2, 0x06, 0x56, 0x3f, 0x42, 0x18, 0x5a, 0x5d, 0x0b, 0xdd, 0xef,
  0xf4, 0x81, 0xee, 0xa1, 0xca, 0xea, 0x26, 0x06, 0xe4, 0x38, 0x3e, 0xed,
  0xf1, 0xd2, 0x20, 0xbc, 0xae, 0x06, 0xfb, 0x4c, 0xc4, 0x34, 0x1e, 0xf6,
  0x95, 0xeb, 0xd1, 0x77, 0xab, 0x7f, 0x3c, 0x46, 0xad, 0x07, 0x2c, 0xe7,
  0x8b, 0x48, 0x12, 0xd0, 0x5a, 0xe6, 0xff, 0xff, 0x04, 0x00, 0x00, 0x00,
  0xc0, 0x00, 0x00, 0x00, 0x14, 0x00, 0x00, 0x00, 0x69, 0xfa, 0xff, 0xff,
  0x9c, 0x0a, 0x00, 0x00, 0x5b, 0x07, 0x00, 0x00, 0xcd, 0x08, 0x00, 0x00,
  0x80, 0x0f, 0x00, 0x00, 0xec, 0xf6, 0xff, 0xff, 0x90, 0x03, 0x00, 0x00,
  0x94, 0xfe, 0xff, 0xff, 0x86, 0x03, 0x00, 0x00, 0x44, 0x0c, 0x00, 0x00,
  0x78, 0x01, 0x00, 0x00, 0x93, 0xfb, 0xff, 0xff, 0xb8, 0xfa, 0xff, 0xff,
  0x90, 0xec, 0xff, 0xff, 0x85, 0x05, 0x00, 0x00, 0x5d, 0xff, 0xff, 0xff,
  0x2a, 0x05, 0x00, 0x00, 0x1c, 0x05, 0x00, 0x00, 0x19, 0x03, 0x00, 0x00,
  0x46, 0x04, 0x00, 0x00, 0xce, 0xf7, 0xff, 0xff, 0xb9, 0xfb, 0xff, 0xff,
  0x9f, 0xf5, 0xff, 0xff, 0xe4, 0xfa, 0xff, 0xff, 0x24, 0xf7, 0xff, 0xff,
  0x90, 0x04, 0x00, 0x00, 0xd0, 0xfd, 0xff, 0xff, 0x33, 0x04, 0x00, 0x00,
  0x65, 0x04, 0x00, 0x00, 0x09, 0xf1, 0xff, 0xff, 0x16, 0x01, 0x00, 0x00,
  0x5e, 0xf5, 0xff, 0xff, 0x83, 0x07, 0x00, 0x00, 0x05, 0x00, 0x00, 0x00,
  0x79, 0xf6, 0xff, 0xff, 0x3d, 0x05, 0x00, 0x00, 0xda, 0x01, 0x00, 0x00,
  0xbf, 0xfc, 0xff, 0xff, 0xaf, 0x04, 0x00, 0x00, 0x88, 0xfd, 0xff, 0xff,
  0x73, 0xf5, 0xff, 0xff, 0xd2, 0xfd, 0xff, 0xff, 0x94, 0xfa, 0xff, 0xff,
  0xb6, 0xff, 0xff, 0xff, 0xf9, 0x11, 0x00, 0x00, 0x34, 0xee, 0xff, 0xff,
  0x8a, 0x03, 0x00, 0x00, 0x26, 0xe7, 0xff, 0xff, 0x04, 0x00, 0x00, 0x00,
  0x90, 0x00, 0x00, 0x00, 0xdc, 0x2b, 0x35, 0x8c, 0x81, 0xdf, 0x46, 0xe9,
  0xfd, 0x70, 0xac, 0x19, 0xff, 0x81, 0x81, 0x7b, 0x7f, 0x36, 0x21, 0x81,
  0x97, 0xa5, 0x7f, 0xd4, 0x7f, 0xa2, 0x33, 0x7f, 0x62, 0x7f, 0x81, 0xfe,
  0x81, 0x81, 0x7f, 0x7f, 0x8e, 0xe9, 0x1b, 0x3f, 0xfd, 0xd0, 0x81, 0x7f,
  0x7f, 0xd1, 0x81, 0xcf, 0x1d, 0x64, 0x17, 0x3a, 0x94, 0xc0, 0x13, 0xf4,
  0x78, 0xf0, 0x81, 0x36, 0x7f, 0x3c, 0x37, 0x25, 0xc7, 0xd1, 0xea, 0x88,
  0xbe, 0x81, 0xeb, 0x81, 0xb4, 0xb9, 0x7f, 0x2a, 0x6d, 0xff, 0xdf, 0xb2,
  0x58, 0xce, 0x20, 0x25, 0x81, 0x01, 0x34, 0x7f, 0x7f, 0x81, 0xc7, 0xbd,
  0xac, 0xdf, 0xbe, 0xaa, 0x7f, 0x7f, 0x7f, 0x81, 0xd0, 0x81, 0x7f, 0x81,
  0x7f, 0x81, 0xad, 0x7f, 0x15, 0xf8, 0x74, 0x7f, 0x11, 0x7f, 0x81, 0xfe,
  0x81, 0x04, 0xa8, 0xa5, 0x00, 0x81, 0xf4, 0xe2, 0x7f, 0x43, 0xfc, 0x7f,
  0x0c, 0xae, 0x08, 0x58, 0x0c, 0x7f, 0x7f, 0x2a, 0x51, 0x9d, 0xda, 0x5a,
  0xce, 0x7f, 0x2c, 0x81, 0xc2, 0xe7, 0xff, 0xff, 0x04, 0x00, 0x00, 0x00,
  0xc0, 0x00, 0x00, 0x00, 0x00, 0x00, 0x00, 0x00, 0x00, 0x00, 0x00, 0x00,
  0x00, 0x00, 0x00, 0x00, 0x00, 0x00, 0x00, 0x00, 0x00, 0x00, 0x00, 0x00,
  0x00, 0x00, 0x00, 0x00, 0x00, 0x00, 0x00, 0x00, 0x00, 0x00, 0x00, 0x00,
  0x00, 0x00, 0x00, 0x00, 0x00, 0x00, 0x00, 0x00, 0x00, 0x00, 0x00, 0x00,
  0x00, 0x00, 0x00, 0x00, 0x00, 0x00, 0x00, 0x00, 0x00, 0x00, 0x00, 0x00,
  0x00, 0x00, 0x00, 0x00, 0x00, 0x00, 0x00, 0x00, 0x00, 0x00, 0x00, 0x00,
  0x00, 0x00, 0x00, 0x00, 0x00, 0x00, 0x00, 0x00, 0x00, 0x00, 0x00, 0x00,
  0x00, 0x00, 0x00, 0x00, 0x00, 0x00, 0x00, 0x00, 0x00, 0x00, 0x00, 0x00,
  0x00, 0x00, 0x00, 0x00, 0x00, 0x00, 0x00, 0x00, 0x00, 0x00, 0x00, 0x00,
  0x00, 0x00, 0x00, 0x00, 0x00, 0x00, 0x00, 0x00, 0x00, 0x00, 0x00, 0x00,
  0x00, 0x00, 0x00, 0x00, 0x00, 0x00, 0x00, 0x00, 0x00, 0x00, 0x00, 0x00,
  0x00, 0x00, 0x00, 0x00, 0x00, 0x00, 0x00, 0x00, 0x00, 0x00, 0x00, 0x00,
  0x00, 0x00, 0x00, 0x00, 0x00, 0x00, 0x00, 0x00, 0x00, 0x00, 0x00, 0x00,
  0x00, 0x00, 0x00, 0x00, 0x00, 0x00, 0x00, 0x00, 0x00, 0x00, 0x00, 0x00,
  0x00, 0x00, 0x00, 0x00, 0x00, 0x00, 0x00, 0x00, 0x00, 0x00, 0x00, 0x00,
  0x00, 0x00, 0x00, 0x00, 0x00, 0x00, 0x00, 0x00, 0x00, 0x00, 0x00, 0x00,
  0x00, 0x00, 0x00, 0x00, 0x8e, 0xe8, 0xff, 0xff, 0x04, 0x00, 0x00, 0x00,
  0x00, 0x0c, 0x00, 0x00, 0x06, 0xe2, 0xfe, 0xe1, 0x10, 0x6d, 0xaf, 0x24,
  0xcc, 0x10, 0x11, 0xc7, 0x25, 0xd0, 0xf1, 0x2a, 0x06, 0x20, 0x10, 0x34,
  0x59, 0x1a, 0xe7, 0x66, 0x55, 0xcf, 0xe8, 0x62, 0x81, 0x23, 0xe8, 0x12,
  0xbd, 0x1a, 0x62, 0xc0, 0x21, 0xfa, 0x33, 0x0c, 0x01, 0xe8, 0x06, 0x26,
  0xf6, 0xf5, 0xee, 0xdb, 0xd6, 0x08, 0xeb, 0xb3, 0x11, 0xde, 0x7c, 0x00,
  0x08, 0xc1, 0x01, 0x4a, 0x28, 0x96, 0xcf, 0xaf, 0xc1, 0x90, 0x1f, 0xca,
  0x1b, 0xec, 0x62, 0x03, 0x28, 0x81, 0x1f, 0x70, 0x42, 0x62, 0xf9, 0x17,
  0xff, 0xca, 0x25, 0x7b, 0x18, 0x0e, 0xca, 0x25, 0x02, 0x52, 0x16, 0x5a,
  0x4a, 0xaf, 0xc4, 0x92, 0xe9, 0xd4, 0xdf, 0x1a, 0xf0, 0x81, 0x02, 0x1a,
  0x8e, 0x1a, 0xbd, 0xce, 0xe6, 0xa8, 0x37, 0x0b, 0x1d, 0x64, 0xf6, 0x17,
  0x27, 0x11, 0x41, 0x2e, 0x4e, 0x33, 0xe2, 0xf6, 0x05, 0xbe, 0xe0, 0x2e,
  0xa1, 0x38, 0xfa, 0xc3, 0xd9, 0xb8, 0xdc, 0xa6, 0x0a, 0x0c, 0x3b, 0xe6,
  0x05, 0xff, 0xba, 0x60, 0x12, 0x5d, 0x8e, 0x24, 0x0c, 0xe1, 0x1e, 0x02,
  0x45, 0x12, 0x21, 0xfc, 0x5d, 0xe0, 0xf5, 0xcd, 0x2c, 0x22, 0xc2, 0xde,
  0xe7, 0xe0, 0xe8, 0x30, 0x1d, 0x00, 0xc0, 0xdd, 0xe2, 0x3f, 0xc3, 0xc7,
  0x81, 0x72, 0x2a, 0x3b, 0x2a, 0xde, 0x11, 0xf9, 0x47, 0x39, 0xf4, 0xbb,
  0xf1, 0xef, 0xd1, 0xeb, 0x0e, 0xb8, 0x22, 0xe6, 0x52, 0x67, 0xc9, 0x45,
  0x29, 0x38, 0x23, 0x2f, 0xe7, 0x10, 0xa0, 0x3a, 0x3f, 0x0e, 0xa8, 0x4c,
  0x7f, 0x41, 0x2b, 0xf5, 0x11, 0xd3, 0xd0, 0x06, 0x1f, 0xcf, 0x32, 0xd8,
  0x21, 0xe6, 0xad, 0x44, 0x41, 0x1b, 0x06, 0xb6, 0x3b, 0xd2, 0x89, 0xe2,
  0xb1, 0x03, 0x2a, 0xbb, 0x76, 0x1a, 0x14, 0x35, 0x35, 0xe3, 0x36, 0x1c,
  0xfb, 0xe9, 0x2a, 0x3e, 0x44, 0x0f, 0x0e, 0x27, 0xb5, 0x2f, 0xdb, 0xce,
  0x22, 0xfa, 0xf4, 0x27, 0xe4, 0xfc, 0xf7, 0xcb, 0xd9, 0xe5, 0x3c, 0xb8,
  0x36, 0xed, 0x0f, 0xad, 0x1a, 0x60, 0x22, 0x44, 0xa8, 0x35, 0x77, 0xde,
  0x05, 0x81, 0x05, 0x55, 0xdc, 0x86, 0xcd, 0x06, 0x1c, 0x41, 0xf6, 0xbf,
  0xdd, 0x50, 0xc8, 0xd3, 0x72, 0x3f, 0xb4, 0x5f, 0x7d, 0x57, 0x0c, 0x5c,
  0x4a, 0x2a, 0xba, 0x19, 0x44, 0x0d, 0xcb, 0x49, 0xe7, 0x25, 0x2b, 0xef,
  0x00, 0xbc, 0xe1, 0xda, 0x9f, 0x65, 0x46, 0x57, 0xff, 0xd1, 0x63, 0xe0,
  0x01, 0x99, 0xc1, 0x81, 0x1a, 0x9d, 0x32, 0x5f, 0x53, 0x59, 0x03, 0x38,
  0xf1, 0x8e, 0xb4, 0xdc, 0x0a, 0xc2, 0x91, 0x4b, 0x3a, 0x48, 0xf8, 0xd7,
  0x2b, 0xb8, 0x17, 0xcb, 0xad, 0x1b, 0x0b, 0x9e, 0x48, 0xc5, 0xeb, 0x81,
  0x24, 0x2f, 0x0c, 0x2a, 0xf5, 0x17, 0x07, 0xdf, 0xcb, 0x20, 0x1f, 0x10,
  0x31, 0x6d, 0xda, 0xdb, 0xd3, 0xc4, 0xe9, 0x06, 0x09, 0xa9, 0xf2, 0x0e,
  0xea, 0x0c, 0xf3, 0xcf, 0xca, 0xde, 0x18, 0x1c, 0x9f, 0x49, 0xf5, 0x15,
  0x1a, 0x34, 0x34, 0x05, 0x1e, 0x3f, 0xf0, 0x0c, 0xfe, 0x8e, 0xfe, 0xf9,
  0x81, 0x29, 0xe8, 0xc5, 0x26, 0xfc, 0xe4, 0xe9, 0xeb, 0x2c, 0x04, 0x2d,
  0x16, 0x05, 0xea, 0x13, 0x3e, 0x08, 0xee, 0xea, 0x17, 0xb9, 0x11, 0x1e,
  0xdb, 0x12, 0x19, 0x3a, 0xda, 0x12, 0xe5, 0xef, 0x1a, 0x31, 0xd9, 0x0d,
  0x06, 0x1c, 0xfe, 0x1d, 0xfa, 0x00, 0x12, 0xc0, 0x48, 0xb6, 0x35, 0x11,
  0x22, 0xf6, 0x58, 0x17, 0x21, 0x2e, 0xb6, 0x2e, 0xc5, 0xcf, 0xd7, 0xf4,
  0xe4, 0x81, 0x11, 0x00, 0x33, 0xed, 0x4e, 0xdc, 0xb9, 0xcd, 0x2d, 0x9d,
  0x48, 0x27, 0x23, 0x36, 0x03, 0xcb, 0x1a, 0x5b, 0x24, 0xd1, 0xf2, 0xea,
  0xb6, 0xbf, 0xd4, 0x81, 0xca, 0x3e, 0x5a, 0x16, 0x51, 0x20, 0xa3, 0x0b,
  0xb2, 0x04, 0xd2, 0x22, 0xcc, 0xd3, 0x91, 0xf4, 0xe8, 0xb3, 0x32, 0xff,
  0xd3, 0x44, 0x1e, 0xdd, 0x12, 0x0a, 0x36, 0x18, 0x14, 0xf4, 0xce, 0x04,
  0x0a, 0x52, 0xb1, 0x06, 0x0c, 0xca, 0x81, 0x43, 0x48, 0x62, 0x02, 0x17,
  0xe8, 0x19, 0x38, 0x33, 0x13, 0x0d, 0x03, 0xd1, 0xe7, 0xfe, 0x1c, 0xc7,
  0x32, 0xd2, 0xda, 0x25, 0xe8, 0x2d, 0xca, 0x42, 0xeb, 0x38, 0xee, 0xa0,
  0x07, 0xf4, 0xe5, 0xc7, 0x2d, 0xdf, 0xdf, 0x47, 0x78, 0x1b, 0x13, 0x68,
  0x2e, 0xe4, 0x0b, 0xee, 0x05, 0xd2, 0x20, 0xcb, 0x1e, 0x01, 0x19, 0xf7,
  0x16, 0xd3, 0xf0, 0x45, 0x7f, 0xcd, 0xcd, 0x0c, 0xdf, 0xfc, 0xa5, 0xfb,
  0xe9, 0x0e, 0x2c, 0x04, 0x07, 0xde, 0x7f, 0xdf, 0x6c, 0xc3, 0xb9, 0xe3,
  0xec, 0xc3, 0xf3, 0xb9, 0xf4, 0xff, 0xec, 0x05, 0xbb, 0xd3, 0x24, 0x61,
  0x4a, 0x81, 0x0e, 0x04, 0x1b, 0x2a, 0x5b, 0xf4, 0xbe, 0x1c, 0xf7, 0x9e,
  0x53, 0x23, 0xc8, 0x1f, 0x12, 0x15, 0x32, 0x09, 0x62, 0xbe, 0x57, 0x14,
  0x00, 0x38, 0xdc, 0x2b, 0xf7, 0x19, 0x34, 0x22, 0xf9, 0x30, 0x1e, 0xe4,
  0x60, 0xf3, 0x0e, 0xba, 0xc4, 0xfe, 0x7f, 0xfb, 0xfa, 0xbd, 0x03, 0xfd,
  0x1e, 0x1c, 0x0c, 0xeb, 0xf9, 0xbd, 0x17, 0x73, 0x00, 0xf9, 0x39, 0xaf,
  0xbb, 0xdf, 0xbf, 0xa1, 0x2c, 0x4e, 0x3e, 0x4b, 0x2a, 0x2e, 0xff, 0xda,
  0x08, 0xfb, 0x17, 0x11, 0xfb, 0xe2, 0xaf, 0xda, 0x1a, 0xe2, 0xe9, 0x5f,
  0xd6, 0xf8, 0xf1, 0xe4, 0xd8, 0x04, 0xf7, 0xaa, 0xc4, 0xc9, 0x37, 0xb6,
  0x2c, 0xf0, 0x7d, 0xb5, 0x04, 0xf3, 0xc6, 0xed, 0xf8, 0x81, 0x02, 0xe7,
  0x49, 0xf1, 0xfe, 0x2a, 0x14, 0x09, 0x4b, 0x24, 0xf8, 0xa9, 0xd7, 0xe5,
  0xd4, 0xf7, 0xb0, 0xe0, 0xc4, 0xc9, 0xe4, 0xda, 0x0a, 0xfc, 0x9f, 0xec,
  0x5b, 0xce, 0x06, 0x5e, 0x3b, 0x15, 0xdf, 0x15, 0xd9, 0x0a, 0x31, 0xe9,
  0x47, 0x20, 0x27, 0x42, 0xf1, 0x3f, 0xf4, 0xc3, 0x14, 0x04, 0xec, 0xd1,
  0x36, 0xcd, 0x17, 0xfb, 0x19, 0xc5, 0xd9, 0xd4, 0x31, 0xd1, 0x76, 0xc4,
  0x38, 0xa8, 0xe0, 0xe3, 0xac, 0x04, 0x2e, 0x32, 0xc1, 0x29, 0x4e, 0xcb,
  0x0b, 0x81, 0xe1, 0xc9, 0x10, 0xe8, 0x2b, 0x2f, 0x50, 0xe5, 0x1c, 0xae,
  0x0c, 0xd4, 0xff, 0x00, 0xac, 0x99, 0xd5, 0xff, 0x3f, 0xd6, 0x16, 0xd4,
  0x4a, 0x33, 0x02, 0x56, 0x26, 0xd0, 0xde, 0x43, 0xd3, 0xf9, 0x2f, 0x5d,
  0x88, 0x2b, 0xcc, 0x39, 0x16, 0xc7, 0xd2, 0xdc, 0x17, 0xd2, 0xfd, 0xf6,
  0xfd, 0x81, 0xa7, 0x23, 0x2d, 0x0c, 0xcc, 0xc8, 0x6a, 0x7f, 0xde, 0x26,
  0x34, 0x27, 0x0b, 0xd5, 0x0a, 0xce, 0xf7, 0x08, 0x3e, 0x2f, 0x71, 0xdd,
  0x25, 0x47, 0xfc, 0x52, 0x45, 0xc1, 0x0b, 0x6e, 0xf0, 0xe1, 0x46, 0xf7,
  0x22, 0x15, 0x21, 0x42, 0xfe, 0x57, 0x63, 0x9e, 0x4b, 0xdc, 0xcb, 0x0c,
  0xe3, 0x1c, 0x1f, 0xad, 0x43, 0x2b, 0xeb, 0x0b, 0x93, 0x78, 0x30, 0x3d,
  0x03, 0xf5, 0x65, 0x29, 0xb7, 0x3b, 0x32, 0xe2, 0xd6, 0x0f, 0x6c, 0xdf,
  0xe3, 0x18, 0xe2, 0xf9, 0xe7, 0xe5, 0xe8, 0x1c, 0xe9, 0x1a, 0x50, 0xc0,
  0x22, 0xad, 0xf4, 0xa8, 0xee, 0x1b, 0x45, 0xbc, 0x1d, 0x7f, 0x70, 0xb7,
  0xd1, 0xf3, 0xf4, 0x35, 0x06, 0xd5, 0x0c, 0xb7, 0x27, 0x97, 0xe9, 0x90,
  0xc1, 0xfd, 0xf7, 0xe8, 0x2b, 0x93, 0x28, 0x0a, 0x23, 0xd1, 0xf5, 0xe9,
  0xc5, 0xd3, 0x6b, 0x06, 0x3d, 0xbd, 0x4a, 0x3e, 0x0c, 0xd0, 0xf9, 0xde,
  0x88, 0xd1, 0xe5, 0x43, 0x61, 0xf0, 0xd7, 0xef, 0xd6, 0xf2, 0xe7, 0x7f,
  0x49, 0xc8, 0xca, 0x00, 0xfa, 0x0d, 0x19, 0xdf, 0xec, 0xc4, 0xea, 0xd5,
  0x18, 0x1e, 0x18, 0x13, 0xfc, 0xd4, 0x52, 0x21, 0x1b, 0xdc, 0xf5, 0x00,
  0xf3, 0x2d, 0xf1, 0xeb, 0x0a, 0x1b, 0x32, 0x11, 0xe7, 0xdb, 0xed, 0x14,
  0x81, 0xf6, 0x20, 0xe6, 0x30, 0xcf, 0x35, 0x10, 0x2f, 0x0c, 0xca, 0x57,
  0xfd, 0x2f, 0x08, 0x16, 0xb3, 0xc1, 0xc1, 0xdb, 0xed, 0xff, 0x35, 0xc2,
  0xbf, 0xe5, 0xca, 0x9f, 0xaf, 0xd2, 0xbc, 0xe8, 0x23, 0xee, 0xf0, 0xab,
  0xe8, 0xcc, 0x25, 0x06, 0x3b, 0xd4, 0xeb, 0x37, 0xab, 0xec, 0xe7, 0x36,
  0x81, 0xdb, 0x37, 0x13, 0x12, 0x00, 0x9d, 0x9b, 0xc3, 0x10, 0x09, 0x00,
  0x73, 0xc8, 0x9b, 0x2c, 0x46, 0x25, 0xbb, 0x21, 0x49, 0x1a, 0x57, 0x4d,
  0x31, 0x01, 0xdf, 0xc3, 0x3d, 0x02, 0xb1, 0x23, 0x3d, 0x50, 0x4f, 0x49,
  0xc1, 0xf2, 0x01, 0x46, 0x34, 0xf4, 0xd9, 0xd6, 0xed, 0x37, 0x18, 0xd5,
  0xf2, 0xfa, 0x65, 0x41, 0x7f, 0xde, 0x3e, 0x0d, 0x44, 0x27, 0xc2, 0xe4,
  0x07, 0x88, 0xbe, 0xfa, 0x27, 0xe2, 0xdd, 0x50, 0x2f, 0xb6, 0xcc, 0x1b,
  0x17, 0xe9, 0xd6, 0xcb, 0x4d, 0xc1, 0xdb, 0xe3, 0xd4, 0x70, 0x07, 0xff,
  0xf0, 0xd9, 0x11, 0x47, 0x62, 0xe3, 0x47, 0x08, 0x39, 0x67, 0xe4, 0x81,
  0xca, 0x98, 0x4f, 0x19, 0xc6, 0xe6, 0xd7, 0x72, 0x42, 0x22, 0x3a, 0x8d,
  0xfd, 0x24, 0x0b, 0xad, 0xa9, 0x31, 0x33, 0xa5, 0xf6, 0x8e, 0xbd, 0xd6,
  0xe0, 0x06, 0x18, 0x30, 0xc0, 0xd9, 0x3c, 0xf2, 0xcb, 0x0a, 0x48, 0xff,
  0xa2, 0xa2, 0x0f, 0x98, 0xf9, 0x2e, 0x7f, 0x4f, 0xd8, 0x40, 0x2c, 0xaf,
  0xc2, 0x14, 0x11, 0x52, 0x3b, 0xdd, 0x07, 0x07, 0xbb, 0xd6, 0x04, 0x4d,
  0xda, 0xfe, 0xd2, 0xc4, 0xae, 0x00, 0x05, 0xf7, 0xd2, 0xc4, 0x0f, 0xd7,
  0xed, 0xf8, 0xea, 0x94, 0x9f, 0x9f, 0x31, 0xf6, 0x19, 0xb2, 0x45, 0xcf,
  0xee, 0xa4, 0x43, 0x3e, 0x41, 0x4d, 0x0e, 0x38, 0xbd, 0x13, 0xc8, 0x2f,
  0xac, 0xf6, 0x04, 0xe3, 0x01, 0xea, 0xcb, 0xe9, 0xf9, 0x05, 0xcb, 0x18,
  0x2e, 0x81, 0xbd, 0x5e, 0xfc, 0xdb, 0x17, 0x22, 0xbc, 0xf0, 0xe6, 0xd7,
  0x9b, 0xc6, 0x20, 0xe1, 0xf3, 0x2f, 0xf1, 0xca, 0xeb, 0xf3, 0x2c, 0xe2,
  0xb6, 0x38, 0xda, 0xfb, 0xd3, 0x0d, 0xc9, 0x9d, 0xbb, 0xcd, 0x7f, 0x41,
  0x2e, 0x28, 0x97, 0x22, 0x19, 0x39, 0xc8, 0xfd, 0xd7, 0x27, 0x02, 0x1b,
  0x19, 0xec, 0x6f, 0x19, 0xcb, 0xe1, 0x2b, 0xdc, 0xfb, 0xdd, 0xf5, 0xfb,
  0x0b, 0x25, 0x13, 0xdc, 0x08, 0xef, 0x2a, 0x1e, 0x04, 0xc5, 0x18, 0xba,
  0xb2, 0x31, 0xae, 0xbb, 0xfb, 0x02, 0x7f, 0x0c, 0x0a, 0x25, 0xcb, 0xea,
  0x0f, 0x39, 0xa6, 0x0b, 0xf2, 0x14, 0xf0, 0xf5, 0x0e, 0xe4, 0xe1, 0x29,
  0xff, 0xfb, 0x09, 0x1d, 0x44, 0xf8, 0xd8, 0x52, 0xcd, 0xf6, 0x53, 0xe9,
  0xdc, 0x2c, 0x05, 0x31, 0x04, 0x19, 0x00, 0xb1, 0xc2, 0xf6, 0xff, 0xe8,
  0xe3, 0xc4, 0xf3, 0xe3, 0xd6, 0xd5, 0xd7, 0xc1, 0xd4, 0x19, 0x7f, 0x17,
  0xed, 0x1b, 0x4b, 0x16, 0x1e, 0xf5, 0x0b, 0xed, 0x04, 0x10, 0x63, 0xc3,
  0xf4, 0xb6, 0x2d, 0x46, 0x2d, 0xcb, 0x4b, 0xd1, 0x19, 0x60, 0x40, 0xad,
  0x04, 0x44, 0x1d, 0x5f, 0x28, 0x09, 0x02, 0xa8, 0x67, 0xf3, 0xf0, 0x8a,
  0x9d, 0xe5, 0x88, 0x27, 0x27, 0xae, 0x40, 0x23, 0xd9, 0x09, 0x0f, 0xdd,
  0x1d, 0xfa, 0x9a, 0x11, 0x32, 0x29, 0xfe, 0x09, 0x2d, 0x7f, 0x20, 0xa4,
  0xfa, 0x1d, 0x30, 0xc7, 0xf9, 0x8c, 0xee, 0x89, 0x11, 0xbd, 0x2f, 0x00,
  0x37, 0xd8, 0xcf, 0x59, 0x1e, 0x9f, 0xc5, 0x3e, 0xf0, 0xe0, 0x54, 0x9b,
  0xdb, 0xae, 0x61, 0x59, 0x68, 0xf6, 0x97, 0x4f, 0xd6, 0xe7, 0xee, 0x4d,
  0x05, 0xe3, 0x0d, 0x27, 0x08, 0x77, 0x40, 0xb9, 0xd9, 0xca, 0x25, 0x12,
  0xbc, 0x49, 0x45, 0x81, 0x21, 0x98, 0xef, 0x19, 0x38, 0xb0, 0xe4, 0xaa,
  0x31, 0x1d, 0xe6, 0x39, 0x41, 0xf8, 0x07, 0x61, 0x1b, 0xd5, 0xde, 0xe2,
  0xe4, 0x11, 0x1c, 0xdd, 0x18, 0x3e, 0xce, 0xd1, 0x1a, 0xde, 0xf4, 0xc0,
  0xe9, 0x24, 0x0e, 0xf3, 0x30, 0x4e, 0x10, 0xfb, 0x7f, 0x43, 0xbb, 0xfb,
  0xf3, 0x62, 0xd1, 0xd9, 0x10, 0xed, 0x0b, 0xf3, 0x7f, 0x3c, 0xdb, 0xd2,
  0x32, 0xe3, 0x15, 0xd5, 0x05, 0xfb, 0xe6, 0x23, 0x22, 0x07, 0x0f, 0xdf,
  0xe9, 0x13, 0xef, 0x19, 0x33, 0x0d, 0xe5, 0x32, 0x22, 0xe1, 0x6c, 0xfc,
  0xe3, 0x4c, 0x50, 0xfd, 0xff, 0xfd, 0x16, 0xcb, 0x43, 0x13, 0x17, 0x30,
  0x26, 0xd3, 0xee, 0xf8, 0xf0, 0x29, 0xee, 0xc5, 0xb4, 0xc0, 0xaf, 0xe6,
  0x61, 0x1a, 0xf3, 0x4c, 0xb0, 0x81, 0x28, 0x53, 0x45, 0xd9, 0x2c, 0xcb,
  0xba, 0xdf, 0xdb, 0xd2, 0x5c, 0x20, 0x4a, 0x24, 0xb2, 0xda, 0xa7, 0x45,
  0x17, 0xbc, 0x04, 0x37, 0x14, 0xd3, 0x9c, 0x03, 0xff, 0xc3, 0x2b, 0x31,
  0x64, 0xc6, 0x1d, 0x35, 0x05, 0xac, 0x16, 0xe1, 0x28, 0xdf, 0xe8, 0x52,
  0xec, 0xed, 0xe1, 0xdc, 0xd1, 0xaf, 0xc1, 0xe4, 0x12, 0xfb, 0xd5, 0x10,
  0x71, 0xf8, 0x31, 0xf8, 0x2c, 0x11, 0xf2, 0xf8, 0xd7, 0x12, 0xf9, 0xd3,
  0x81, 0x24, 0xbf, 0xc8, 0x98, 0x96, 0xe4, 0xea, 0x14, 0x35, 0xcc, 0x52,
  0x52, 0xb3, 0xfb, 0x11, 0x70, 0x2b, 0x00, 0x0e, 0xed, 0x09, 0x2f, 0xf1,
  0xce, 0x2f, 0x4c, 0x12, 0xd4, 0x64, 0x46, 0xf2, 0x22, 0xff, 0x46, 0x2f,
  0xd5, 0x46, 0x04, 0x64, 0xd6, 0x12, 0xd4, 0xa0, 0x27, 0x16, 0x16, 0x7f,
  0xf1, 0xd7, 0xd0, 0xfe, 0x10, 0x3d, 0xd0, 0xe3, 0xdb, 0x04, 0x1d, 0xd7,
  0xf4, 0xd7, 0x16, 0x34, 0x4e, 0x0f, 0x89, 0xeb, 0xb7, 0x5f, 0x3f, 0x70,
  0xe8, 0xc6, 0x16, 0x4f, 0x27, 0x4b, 0x58, 0x14, 0x08, 0xff, 0x52, 0xc9,
  0x4c, 0x84, 0x6a, 0x19, 0x99, 0xac, 0xb0, 0xe7, 0x44, 0x90, 0x0b, 0x9f,
  0x2c, 0xa8, 0x30, 0x09, 0x4f, 0x4e, 0x28, 0x81, 0x12, 0x38, 0xf2, 0xe5,
  0xe1, 0xe1, 0xaa, 0x57, 0xec, 0x04, 0xe3, 0xe7, 0xdd, 0x0e, 0x1c, 0x11,
  0x99, 0x0f, 0x14, 0xb8, 0xe9, 0x8f, 0xd8, 0xcb, 0xcb, 0xb6, 0x51, 0x10,
  0x0c, 0x1c, 0x4a, 0x20, 0x39, 0xef, 0x59, 0xf2, 0xa1, 0x13, 0xfa, 0xe7,
  0xb6, 0xfa, 0xe7, 0x09, 0x07, 0xc6, 0xc4, 0xb3, 0x81, 0xec, 0xdb, 0x61,
  0x41, 0xcb, 0xdf, 0xcd, 0x07, 0xee, 0xc1, 0x3f, 0x67, 0x19, 0x0f, 0x21,
  0x03, 0x06, 0x3e, 0xed, 0x44, 0xd4, 0x2a, 0x15, 0xf2, 0xf4, 0xbf, 0x10,
  0x3b, 0x2e, 0xe4, 0x3a, 0xfc, 0xd4, 0x31, 0x2d, 0xc2, 0x36, 0xe2, 0xe1,
  0xb3, 0x0a, 0x0d, 0xdd, 0xf4, 0xd7, 0x7f, 0xdc, 0xdc, 0xcc, 0xdd, 0xcd,
  0x14, 0x10, 0x09, 0xe5, 0xec, 0xca, 0xba, 0x03, 0xc6, 0xe7, 0xfc, 0xf0,
  0xa5, 0x72, 0x5c, 0xf7, 0xda, 0x9e, 0x40, 0x92, 0x1b, 0xd6, 0x06, 0xd5,
  0x32, 0xe7, 0x61, 0x22, 0x68, 0x2a, 0xf0, 0x04, 0xe5, 0x27, 0x2f, 0xe9,
  0xb9, 0x27, 0x0a, 0x05, 0xd3, 0xbc, 0x06, 0x9f, 0xcf, 0xf9, 0x18, 0xf1,
  0x3f, 0xe4, 0x81, 0x3d, 0xd4, 0x12, 0x7f, 0x0b, 0x08, 0xb1, 0x22, 0xb1,
  0x30, 0xcf, 0xde, 0x35, 0x43, 0xe2, 0x5a, 0x4f, 0x40, 0xf7, 0xc3, 0xfa,
  0xe6, 0xee, 0xe9, 0xa5, 0xd2, 0x25, 0xf4, 0x3c, 0xcc, 0x1c, 0x00, 0x27,
  0xb2, 0xf9, 0xe9, 0x3c, 0xfb, 0x2e, 0xbc, 0x01, 0x14, 0xc4, 0x0b, 0x0d,
  0xce, 0x14, 0x2f, 0x0f, 0x2e, 0x4a, 0x10, 0x57, 0x12, 0xf6, 0xe3, 0x52,
  0x81, 0xd4, 0x5e, 0x53, 0x0e, 0x20, 0xf8, 0x18, 0x19, 0xaa, 0x38, 0x49,
  0x19, 0xce, 0x02, 0x0d, 0x05, 0xd8, 0xc2, 0x1c, 0x0f, 0x6a, 0x61, 0x25,
  0x00, 0xd0, 0x1e, 0x12, 0xff, 0xe2, 0x3b, 0x31, 0xd0, 0x5d, 0x66, 0x04,
  0x38, 0x5d, 0x3e, 0x23, 0xf1, 0xfa, 0x60, 0xcd, 0xc9, 0x95, 0xfb, 0xd1,
  0x60, 0x4b, 0x00, 0x1b, 0x3a, 0xa6, 0x2a, 0x55, 0xe2, 0xb9, 0x06, 0xfe,
  0xce, 0xde, 0xd2, 0x9e, 0x6c, 0x16, 0x57, 0x22, 0x24, 0x22, 0xc9, 0xe5,
  0xbc, 0x19, 0xf5, 0x37, 0xe6, 0x03, 0x81, 0xd9, 0xfb, 0xb4, 0x18, 0x4a,
  0xec, 0x06, 0x5b, 0xdb, 0x2a, 0xc9, 0x1b, 0xa5, 0x22, 0xd9, 0xa5, 0xd3,
  0x5c, 0xc3, 0xc3, 0x2c, 0x2a, 0xe6, 0xc3, 0x5a, 0x3a, 0xfc, 0xca, 0xaa,
  0x40, 0x18, 0xca, 0xbe, 0xe3, 0xc3, 0x35, 0x06, 0x3b, 0x81, 0x4f, 0x03,
  0x00, 0x29, 0xbc, 0x44, 0xd0, 0x60, 0xc8, 0xcf, 0xd2, 0x5e, 0xfc, 0xcb,
  0x2b, 0x44, 0x36, 0x0c, 0xda, 0xd8, 0xe2, 0xf6, 0xf6, 0x5a, 0x27, 0x0b,
  0xb7, 0xe5, 0x46, 0xc6, 0xd1, 0x0c, 0xbf, 0xba, 0xa6, 0xf7, 0x13, 0x44,
  0x46, 0x07, 0xfb, 0x1a, 0xb7, 0xb0, 0x14, 0xe7, 0xa3, 0x1a, 0x38, 0x34,
  0xfb, 0xd9, 0xd9, 0xd9, 0x7f, 0x68, 0x05, 0xbc, 0xf0, 0x3b, 0x0b, 0x1b,
  0xe5, 0xd1, 0x16, 0xeb, 0xe8, 0x81, 0x26, 0xe0, 0x50, 0xeb, 0xd9, 0x0e,
  0xda, 0xf0, 0x95, 0x29, 0xe7, 0x2a, 0xdc, 0x61, 0xdb, 0x6c, 0x24, 0x44,
  0x24, 0xcf, 0xfc, 0x3f, 0x33, 0x3e, 0x0f, 0x2c, 0x16, 0x92, 0x07, 0xf2,
  0x14, 0x17, 0xf7, 0xb8, 0x1f, 0x3b, 0xb4, 0x5d, 0x46, 0xf4, 0xf4, 0xf5,
  0x02, 0x25, 0x23, 0xd8, 0x5c, 0x00, 0x3f, 0x2e, 0xd8, 0x69, 0x1f, 0x14,
  0x02, 0x43, 0x11, 0x17, 0xc7, 0xd6, 0x63, 0xb2, 0x19, 0x26, 0xde, 0xe8,
  0xdf, 0xee, 0xee, 0xac, 0xbf, 0xd1, 0x81, 0x00, 0xa1, 0x2f, 0x1f, 0x21,
  0xe4, 0x8d, 0xf7, 0xe9, 0x4a, 0x13, 0x18, 0x17, 0xb7, 0x33, 0x71, 0x2e,
  0xc6, 0xfe, 0x75, 0x0a, 0xdc, 0xa5, 0x2d, 0xec, 0x39, 0xa7, 0x2e, 0xf1,
  0x11, 0xcc, 0xa7, 0x33, 0x1d, 0x2a, 0x0f, 0x40, 0x43, 0x4e, 0xcc, 0xf5,
  0x1d, 0x29, 0xf1, 0x36, 0x30, 0x49, 0xfe, 0x14, 0x2c, 0xb4, 0x39, 0x07,
  0x81, 0x61, 0xf9, 0x9d, 0x27, 0xef, 0xf6, 0x0f, 0xfa, 0x1d, 0xf2, 0x2c,
  0x42, 0xe2, 0xda, 0xc8, 0xf2, 0xc4, 0xa6, 0xf4, 0xfd, 0xeb, 0xdb, 0xda,
  0xf2, 0x1f, 0xfd, 0x0a, 0x81, 0x86, 0xea, 0xb2, 0xc6, 0xe2, 0x29, 0xe2,
  0x09, 0xf4, 0x2f, 0x27, 0x61, 0x05, 0xdc, 0x0f, 0xed, 0xf2, 0xc3, 0x35,
  0x86, 0x1f, 0xd8, 0xa6, 0x25, 0xb8, 0xe9, 0xd4, 0xf7, 0x24, 0xf4, 0x14,
  0x22, 0xa2, 0x8d, 0x1e, 0x42, 0x81, 0x44, 0x0a, 0x23, 0x2e, 0x4a, 0x40,
  0xcc, 0x46, 0x52, 0xd6, 0x1b, 0x17, 0xc9, 0xc3, 0xcb, 0xb9, 0xff, 0x49,
  0xe4, 0x3a, 0x0c, 0xfa, 0x94, 0x92, 0x49, 0xc1, 0x23, 0x11, 0x77, 0xcc,
  0x09, 0xf6, 0xda, 0x8d, 0x51, 0x3d, 0x28, 0xf2, 0xb6, 0xe4, 0x04, 0xc0,
  0x01, 0xcd, 0xcc, 0x36, 0x20, 0x24, 0x59, 0x40, 0xa4, 0x60, 0x40, 0x08,
  0xd4, 0x28, 0x6d, 0x17, 0x9f, 0x34, 0xfa, 0xeb, 0xcf, 0x9e, 0x20, 0x48,
  0x1c, 0x45, 0xfe, 0x31, 0xd8, 0xae, 0xd8, 0x2f, 0x09, 0x63, 0x10, 0x50,
  0xf3, 0x8d, 0xfe, 0xa5, 0x65, 0x28, 0x20, 0xba, 0x01, 0xf6, 0x4c, 0x2b,
  0x34, 0x19, 0x7f, 0x0a, 0x0d, 0xe6, 0xde, 0x1e, 0x14, 0x15, 0x48, 0xcf,
  0xc1, 0xbc, 0x2d, 0xb8, 0x29, 0xd7, 0x38, 0xdd, 0xfc, 0xe1, 0xc7, 0xf7,
  0x50, 0x06, 0xce, 0x2f, 0xf6, 0x1f, 0xfd, 0x09, 0x04, 0x01, 0xb0, 0xfa,
  0x81, 0xe6, 0xf5, 0xc5, 0xd1, 0x26, 0x52, 0x07, 0x57, 0x0d, 0xd7, 0x19,
  0xfb, 0x43, 0xe2, 0xa6, 0x36, 0xbc, 0x38, 0x1a, 0xc6, 0x3d, 0x22, 0xce,
  0xd7, 0x03, 0xe2, 0x47, 0xf6, 0x56, 0x24, 0xdb, 0xae, 0x71, 0x5f, 0xd3,
  0x27, 0xed, 0xea, 0xcd, 0x06, 0xdc, 0x03, 0x81, 0x68, 0xe8, 0x21, 0x59,
  0x0a, 0x53, 0x37, 0xee, 0x1e, 0xed, 0x38, 0x30, 0x05, 0x36, 0x33, 0xe1,
  0x51, 0xbc, 0x08, 0x17, 0x2d, 0xfc, 0xb6, 0x14, 0x24, 0x47, 0x4b, 0x1b,
  0x37, 0xfd, 0x45, 0x41, 0x2c, 0x3a, 0xef, 0xaf, 0xfe, 0x13, 0x0d, 0xb1,
  0x3a, 0x87, 0x3d, 0x23, 0xfd, 0x10, 0xde, 0x1f, 0xf2, 0x40, 0x1d, 0xf2,
  0x20, 0xfe, 0x11, 0x29, 0x0f, 0x00, 0x67, 0x0e, 0x3c, 0x21, 0x3d, 0x2b,
  0xc4, 0x81, 0xba, 0x19, 0x1c, 0x0b, 0xff, 0xdb, 0x28, 0x81, 0x59, 0xd6,
  0xfb, 0xf8, 0xfa, 0x31, 0x22, 0xd3, 0xc7, 0xfd, 0x0a, 0xe2, 0xfa, 0xf5,
  0xc3, 0x0b, 0x24, 0x05, 0x15, 0x17, 0xe6, 0x1f, 0x13, 0x0a, 0xd5, 0x32,
  0xe7, 0xde, 0x23, 0x37, 0x19, 0x2d, 0xbf, 0xd8, 0x39, 0xe1, 0xe0, 0x69,
  0xf8, 0xff, 0x14, 0x08, 0x05, 0x9a, 0x58, 0xe3, 0xb7, 0xf8, 0xcb, 0x40,
  0xc8, 0x10, 0x8c, 0xfb, 0x9e, 0x38, 0xd0, 0x57, 0xe0, 0x4b, 0x20, 0xe8,
  0xb2, 0x60, 0xb3, 0x5f, 0xce, 0x5c, 0x1a, 0xb6, 0x33, 0x15, 0xb2, 0x37,
  0xf3, 0x3a, 0x7f, 0x06, 0x9e, 0x0b, 0xb5, 0x35, 0x4d, 0x2a, 0x51, 0x3e,
  0x23, 0x6d, 0xcb, 0xba, 0xe9, 0xbf, 0x0c, 0x29, 0xd6, 0x36, 0x5c, 0x7d,
  0xb1, 0xba, 0x5a, 0x4b, 0x39, 0x44, 0x21, 0x42, 0xc1, 0xf7, 0x65, 0xce,
  0xe6, 0xa8, 0x2c, 0xc8, 0xb4, 0xd4, 0xf9, 0xdd, 0x1c, 0x30, 0x48, 0xf4,
  0x08, 0x2f, 0xbe, 0xde, 0xf3, 0xca, 0x42, 0x2d, 0xee, 0x74, 0x7f, 0xa0,
  0x3e, 0xec, 0xdf, 0xf5, 0x46, 0x08, 0xd1, 0xfb, 0x7f, 0x31, 0xe6, 0xc1,
  0xfd, 0xd5, 0x21, 0x30, 0x0c, 0xf6, 0xe1, 0x41, 0x31, 0xe7, 0x2f, 0x04,
  0xcb, 0x29, 0xee, 0x2a, 0xfa, 0x03, 0xd2, 0x1e, 0xb0, 0xfd, 0x2a, 0xf3,
  0x99, 0x36, 0x3a, 0x5c, 0x1d, 0x07, 0x53, 0xb1, 0xf1, 0x1b, 0xa4, 0xdd,
  0x02, 0x38, 0x0c, 0xff, 0xe5, 0xce, 0x09, 0x3c, 0x16, 0xd2, 0xf6, 0x2d,
  0x3c, 0x68, 0x98, 0x3b, 0xdb, 0x30, 0x96, 0x28, 0x0c, 0x3b, 0x81, 0xe9,
  0x51, 0x02, 0x04, 0x16, 0x1e, 0x22, 0xf3, 0x1f, 0x28, 0x16, 0x87, 0xa4,
  0xe8, 0x22, 0x03, 0x0a, 0xd5, 0x13, 0x07, 0x70, 0xfb, 0x49, 0x1d, 0xec,
  0xa6, 0xcc, 0x4c, 0xac, 0x19, 0x32, 0x05, 0xd7, 0x63, 0x4b, 0x2d, 0x6e,
  0xfe, 0x23, 0xf4, 0xf8, 0x42, 0xf4, 0x01, 0xf8, 0xf7, 0x36, 0x1c, 0xdd,
  0x0c, 0x81, 0x20, 0x58, 0x0e, 0xc8, 0xb5, 0x15, 0xd1, 0x25, 0xf3, 0x9a,
  0xf7, 0xc1, 0xf3, 0x53, 0x16, 0x3c, 0x39, 0x1a, 0x4d, 0x37, 0x3e, 0x03,
  0x31, 0x8d, 0xea, 0xd0, 0xfa, 0x17, 0x51, 0x50, 0xe3, 0x04, 0xd8, 0x25,
  0x30, 0x4c, 0x11, 0x06, 0xc4, 0x53, 0xf4, 0xd1, 0x42, 0xe3, 0x20, 0xcb,
  0xe8, 0xdc, 0x02, 0xad, 0xac, 0x09, 0xa0, 0x47, 0xe0, 0x52, 0x3b, 0xe8,
  0x0f, 0x81, 0x02, 0x2b, 0x36, 0xf1, 0x18, 0x4b, 0x98, 0xbc, 0x3d, 0xd5,
  0xe3, 0xf7, 0xe5, 0xdf, 0xf7, 0x2d, 0xd7, 0xef, 0x1e, 0xdb, 0x50, 0xca,
  0xdd, 0xfd, 0x15, 0xe8, 0x36, 0x0a, 0xf9, 0x2f, 0xda, 0xee, 0xaf, 0x1d,
  0x00, 0x0e, 0xd8, 0x13, 0xc7, 0x08, 0xf3, 0x07, 0x0d, 0x1b, 0xe1, 0x34,
  0x81, 0x2f, 0x10, 0xfc, 0xf7, 0x09, 0x1b, 0x21, 0x0c, 0x29, 0xd4, 0xf2,
  0xe4, 0x28, 0xfe, 0xcf, 0xcf, 0x06, 0x47, 0xc9, 0x2d, 0xc9, 0xec, 0x0c,
  0xd5, 0xe2, 0x1f, 0xf0, 0xb7, 0xb9, 0x26, 0xc3, 0x21, 0xde, 0xca, 0x0e,
  0x60, 0xfa, 0x2f, 0x24, 0x1f, 0xe1, 0xfb, 0xee, 0xc1, 0xf7, 0xdc, 0x5f,
  0x81, 0xf6, 0x1a, 0xb3, 0xff, 0xde, 0x1b, 0xcf, 0xfb, 0xfa, 0xea, 0x0a,
  0x4d, 0xeb, 0xdf, 0x2e, 0x9a, 0xf4, 0xff, 0xff, 0x04, 0x00, 0x00, 0x00,
  0x00, 0x01, 0x00, 0x00, 0xc5, 0x0d, 0x00, 0x00, 0xbe, 0xe3, 0xff, 0xff,
  0x14, 0x0f, 0x00, 0x00, 0x1f, 0x01, 0x00, 0x00, 0x45, 0x0c, 0x00, 0x00,
  0x3d, 0x09, 0x00, 0x00, 0x53, 0xfc, 0xff, 0xff, 0x90, 0x03, 0x00, 0x00,
  0x56, 0x11, 0x00, 0x00, 0x54, 0xff, 0xff, 0xff, 0xf3, 0xce, 0xff, 0xff,
  0xe8, 0xf3, 0xff, 0xff, 0x2a, 0x02, 0x00, 0x00, 0x43, 0xfe, 0xff, 0xff,
  0x2f, 0xd7, 0xff, 0xff, 0x57, 0x0a, 0x00, 0x00, 0xa9, 0x04, 0x00, 0x00,
  0xc7, 0x08, 0x00, 0x00, 0xc2, 0x08, 0x00, 0x00, 0xd1, 0x19, 0x00, 0x00,
  0xa9, 0xe4, 0xff, 0xff, 0x36, 0xeb, 0xff, 0xff, 0x65, 0x0a, 0x00, 0x00,
  0x81, 0xfc, 0xff, 0xff, 0x63, 0xeb, 0xff, 0xff, 0x39, 0xe3, 0xff, 0xff,
  0x55, 0x05, 0x00, 0x00, 0x81, 0x22, 0x00, 0x00, 0x1c, 0xf3, 0xff, 0xff,
  0x65, 0x11, 0x00, 0x00, 0x56, 0xfd, 0xff, 0xff, 0x01, 0xe2, 0xff, 0xff,
  0x27, 0xe9, 0xff, 0xff, 0xb4, 0x09, 0x00, 0x00, 0xed, 0xe5, 0xff, 0xff,
  0x91, 0x11, 0x00, 0x00, 0x4f, 0x12, 0x00, 0x00, 0xaf, 0x11, 0x00, 0x00,
  0xd3, 0x16, 0x00, 0x00, 0xa5, 0x08, 0x00, 0x00, 0xe0, 0x1f, 0x00, 0x00,
  0x7a, 0xd6, 0xff, 0xff, 0x6a, 0x0b, 0x00, 0x00, 0x56, 0xd0, 0xff, 0xff,
  0x66, 0xf6, 0xff, 0xff, 0x67, 0x2a, 0x00, 0x00, 0xac, 0xfb, 0xff, 0xff,
  0x4f, 0x0a, 0x00, 0x00, 0xc4, 0xf5, 0xff, 0xff, 0x51, 0x19, 0x00, 0x00,
  0x2d, 0x1c, 0x00, 0x00, 0x2f, 0x0f, 0x00, 0x00, 0x30, 0xfd, 0xff, 0xff,
  0xed, 0x00, 0x00, 0x00, 0xf3, 0x08, 0x00, 0x00, 0xdf, 0xe2, 0xff, 0xff,
  0xd8, 0xe9, 0xff, 0xff, 0xc0, 0x0b, 0x00, 0x00, 0x11, 0x03, 0x00, 0x00,
  0x20, 0xf0, 0xff, 0xff, 0x5f, 0xff, 0xff, 0xff, 0xc8, 0xfb, 0xff, 0xff,
  0x02, 0xf1, 0xff, 0xff, 0x7f, 0x0d, 0x00, 0x00, 0xa6, 0xf5, 0xff, 0xff,
  0x04, 0x00, 0x00, 0x00, 0x00, 0x08, 0x00, 0x00, 0x7f, 0x1d, 0xe1, 0x21,
  0x42, 0xd3, 0xf1, 0x47, 0x11, 0xd3, 0xac, 0xea, 0x61, 0x29, 0xec, 0xf1,
  0xe3, 0x31, 0x7a, 0xc1, 0xea, 0xf6, 0xe9, 0x1d, 0x35, 0xf6, 0xbd, 0xba,
  0xd8, 0x82, 0x06, 0x23, 0xd5, 0x55, 0x28, 0x3d, 0xa9, 0xda, 0x08, 0x57,
  0xb6, 0xd8, 0x1e, 0xee, 0x67, 0xd9, 0x70, 0xc6, 0x03, 0xaf, 0xa1, 0xd1,
  0x5f, 0xed, 0x1e, 0x08, 0x20, 0xcb, 0x4b, 0x34, 0x0b, 0xb5, 0x54, 0xc6,
  0x02, 0xf4, 0x45, 0xb7, 0xc8, 0xd7, 0x90, 0x11, 0xdf, 0xf1, 0x00, 0xbb,
  0xdd, 0xa9, 0x68, 0xee, 0xbd, 0x3e, 0x9f, 0x45, 0x3f, 0x17, 0x47, 0xa8,
  0xe6, 0x64, 0x73, 0x0e, 0x2c, 0x14, 0x13, 0x13, 0xfb, 0xd1, 0x29, 0x0b,
  0xe2, 0xcc, 0x59, 0x81, 0x75, 0x3c, 0x0e, 0x50, 0xdf, 0x37, 0xd7, 0x42,
  0x34, 0x06, 0xe4, 0x43, 0x09, 0xd3, 0xac, 0x1c, 0xb2, 0xcb, 0xff, 0x81,
  0xc9, 0x0c, 0xc2, 0x66, 0xef, 0x3d, 0xa4, 0x93, 0xfc, 0xd4, 0x85, 0x0f,
  0xee, 0x4e, 0xce, 0x00, 0x17, 0xc4, 0x9f, 0xee, 0x4d, 0xdc, 0x8c, 0xe4,
  0xba, 0xb6, 0x0a, 0xe3, 0xb5, 0x3c, 0xaf, 0x52, 0x31, 0x04, 0x01, 0xc6,
  0x0e, 0xa8, 0xe3, 0x99, 0x21, 0x81, 0x54, 0x2a, 0x8a, 0x92, 0xfb, 0x5f,
  0xae, 0xbe, 0xd7, 0xb6, 0x3a, 0x6a, 0x8e, 0x06, 0xac, 0x0f, 0xfe, 0x5c,
  0x67, 0x27, 0x66, 0xae, 0xa8, 0x8f, 0x86, 0xac, 0x6d, 0xf7, 0x3c, 0xcd,
  0x69, 0xef, 0x8b, 0xcd, 0x50, 0x2c, 0xaa, 0x71, 0x48, 0x89, 0x11, 0x3e,
  0x4c, 0x09, 0xda, 0xf6, 0x3b, 0xbe, 0xf8, 0xf6, 0xa0, 0x6a, 0x89, 0x03,
  0x81, 0x4e, 0x02, 0x45, 0x06, 0x34, 0xa3, 0xd3, 0xbf, 0xcd, 0xeb, 0xaa,
  0x82, 0xb4, 0x90, 0xd7, 0xb9, 0xb2, 0x41, 0x00, 0x14, 0xda, 0x51, 0xdd,
  0x58, 0xe4, 0xe2, 0xb8, 0xbf, 0xe1, 0x8d, 0x0d, 0x94, 0xe8, 0xca, 0xab,
  0xa6, 0x7d, 0xab, 0x24, 0xb6, 0x15, 0x88, 0xa6, 0xa2, 0x53, 0xc0, 0x4f,
  0x06, 0x45, 0x59, 0x87, 0x33, 0x1a, 0x27, 0xad, 0x71, 0xc6, 0x2b, 0xba,
  0xa2, 0x81, 0xb2, 0x28, 0xd4, 0x95, 0x36, 0x3d, 0x0c, 0xce, 0x96, 0xf4,
  0x08, 0xec, 0xe0, 0x59, 0x7b, 0xea, 0x1c, 0xe8, 0xaf, 0x84, 0xc3, 0x97,
  0x71, 0xbe, 0xb7, 0x18, 0x18, 0x58, 0xac, 0x82, 0x87, 0x62, 0xfd, 0xf2,
  0xa9, 0x6c, 0x1c, 0xbc, 0x0b, 0x3c, 0x2c, 0x0a, 0xce, 0xa8, 0xe9, 0x0b,
  0xff, 0xe9, 0xee, 0xbd, 0x36, 0xbd, 0x19, 0x12, 0xa1, 0x56, 0xed, 0xbb,
  0x7f, 0xf9, 0x71, 0xea, 0xef, 0x15, 0x20, 0xb6, 0x23, 0xba, 0xda, 0x36,
  0x53, 0x40, 0x72, 0x3e, 0xe1, 0xd2, 0x0b, 0x16, 0x52, 0x3e, 0xdb, 0x52,
  0xec, 0x2a, 0xfc, 0x13, 0x17, 0x6e, 0x1a, 0xcf, 0x15, 0x96, 0x15, 0x30,
  0x9d, 0x02, 0x0e, 0xcc, 0x3b, 0xf9, 0x3f, 0x3c, 0x02, 0xfe, 0xf3, 0xd7,
  0xb0, 0x5b, 0x4a, 0xd2, 0xeb, 0x42, 0x8d, 0x5b, 0xfe, 0x22, 0xb3, 0x1e,
  0x6b, 0xbd, 0xeb, 0x1e, 0x22, 0xe4, 0x1c, 0x22, 0x1e, 0x0b, 0xeb, 0x91,
  0x94, 0x54, 0x3e, 0x44, 0xee, 0x9b, 0xd0, 0x82, 0xde, 0x50, 0xd5, 0x05,
  0x17, 0xaa, 0x0f, 0xd6, 0x06, 0x0c, 0x13, 0x32, 0x8e, 0x0d, 0x01, 0x53,
  0xa4, 0x33, 0x58, 0x21, 0xca, 0x33, 0xdd, 0x0a, 0x21, 0xfe, 0x8e, 0x81,
  0x6d, 0x10, 0xd4, 0x6a, 0x17, 0xc4, 0x57, 0xbe, 0xfe, 0x15, 0x18, 0xd5,
  0xe1, 0x1d, 0xb0, 0xc3, 0x30, 0x36, 0x70, 0xc3, 0x13, 0x0c, 0x07, 0x2c,
  0x37, 0x13, 0xc6, 0xda, 0xfb, 0x9c, 0xee, 0x22, 0x3c, 0x7f, 0x07, 0x4c,
  0xd4, 0xda, 0xd6, 0x6e, 0xfe, 0xfb, 0xe5, 0xf4, 0x39, 0xbe, 0xf7, 0x84,
  0xdd, 0x27, 0xe8, 0x9d, 0x4c, 0xdf, 0xd8, 0x21, 0x2c, 0xa7, 0x6d, 0x60,
  0x05, 0xc3, 0xd7, 0x4e, 0x08, 0xea, 0xe9, 0xc7, 0xfe, 0xcc, 0xd8, 0xdd,
  0x28, 0xac, 0x3e, 0xbc, 0xa5, 0xc4, 0x4e, 0x3e, 0x1f, 0x32, 0xc4, 0xe3,
  0xf5, 0xf3, 0x27, 0xaf, 0xe0, 0x33, 0x48, 0x17, 0x4f, 0xd8, 0x42, 0x06,
  0xd9, 0xb8, 0x32, 0xee, 0x19, 0xdd, 0x54, 0xbe, 0x25, 0xfd, 0x43, 0x57,
  0xc7, 0x00, 0xb0, 0x1e, 0x17, 0x38, 0xeb, 0x04, 0x9d, 0x26, 0x0b, 0x08,
  0xfc, 0x35, 0x1f, 0x81, 0x01, 0x0b, 0xdd, 0x1f, 0x39, 0x55, 0xea, 0x06,
  0x4e, 0x37, 0x4b, 0x46, 0x07, 0x25, 0x95, 0x27, 0x30, 0xd3, 0x95, 0x9c,
  0x50, 0xb1, 0xff, 0x38, 0x38, 0xc9, 0xeb, 0x7e, 0x3a, 0x97, 0xd4, 0x0d,
  0xff, 0x50, 0x42, 0x36, 0xc7, 0x5d, 0xb9, 0xc6, 0x20, 0x63, 0x8b, 0x47,
  0xc4, 0x81, 0xfa, 0x89, 0x37, 0x9d, 0x44, 0x1f, 0xd8, 0xab, 0xbb, 0xb2,
  0xf5, 0x29, 0x6e, 0x38, 0x1a, 0x52, 0x14, 0x61, 0x7e, 0x1d, 0xf9, 0xdf,
  0xdb, 0x4b, 0xec, 0xf1, 0xb7, 0xdc, 0xbc, 0x1b, 0x15, 0xff, 0x24, 0xd2,
  0xd1, 0xb8, 0x21, 0x21, 0xe2, 0x37, 0xe3, 0xc3, 0x40, 0x1d, 0x55, 0x1b,
  0xd1, 0x46, 0x46, 0xbb, 0x19, 0x1c, 0xee, 0x2e, 0xe5, 0xc3, 0x60, 0x50,
  0xf2, 0xa8, 0x0d, 0xa6, 0x5f, 0x13, 0xd9, 0x5a, 0x94, 0x35, 0xdf, 0x24,
  0xf8, 0x2d, 0xdc, 0x39, 0xea, 0xce, 0x23, 0x45, 0xbb, 0x0a, 0xbe, 0x81,
  0x28, 0xf7, 0xfa, 0xef, 0xf5, 0x16, 0x2e, 0xce, 0xea, 0x00, 0xc1, 0xdf,
  0x02, 0xd1, 0x3b, 0xbb, 0xf0, 0xc0, 0x50, 0x4c, 0xde, 0x14, 0xde, 0xe5,
  0x10, 0x47, 0x41, 0xac, 0xd0, 0x4f, 0x07, 0x10, 0x2e, 0xec, 0x43, 0xf1,
  0x18, 0xf2, 0x00, 0x31, 0xf2, 0xd3, 0x00, 0x99, 0x24, 0x1d, 0xf2, 0x53,
  0xe0, 0x43, 0xaf, 0x4f, 0xd9, 0x4f, 0xd9, 0xf0, 0xcd, 0xcc, 0xe4, 0x3d,
  0xec, 0x1f, 0xb4, 0x81, 0x00, 0x2c, 0xed, 0x1d, 0x90, 0x03, 0xa3, 0x81,
  0xc0, 0xde, 0xf8, 0xdb, 0xa7, 0xda, 0xef, 0xbb, 0x13, 0x0a, 0x30, 0x63,
  0x15, 0xfa, 0x0c, 0x68, 0xd1, 0x2d, 0x00, 0x8f, 0xee, 0x0d, 0x01, 0x54,
  0x44, 0x56, 0x14, 0x1f, 0xbc, 0xcb, 0x2b, 0xaf, 0x54, 0xcb, 0xd0, 0x15,
  0x18, 0x1f, 0x5d, 0x38, 0xdd, 0x63, 0xb1, 0x4b, 0x0b, 0xd9, 0x47, 0x22,
  0xf8, 0x0a, 0xa7, 0x1e, 0x15, 0x3e, 0x02, 0x23, 0xf6, 0x5c, 0x05, 0xbb,
  0x59, 0x15, 0x44, 0x21, 0x2e, 0x28, 0x20, 0xdb, 0x44, 0xda, 0x21, 0xff,
  0xf8, 0x3e, 0xd2, 0xd8, 0xd6, 0xf8, 0xee, 0xa7, 0xe7, 0x2d, 0x1c, 0x34,
  0xe5, 0xd9, 0xfd, 0xbb, 0x30, 0xcd, 0xf3, 0x49, 0x0b, 0xf3, 0xd3, 0x02,
  0x16, 0xee, 0xf5, 0x06, 0xed, 0xf2, 0xd9, 0x34, 0x32, 0xe6, 0x18, 0xd6,
  0x1d, 0x20, 0xac, 0xcc, 0xfc, 0x0c, 0xea, 0x04, 0x2c, 0xe9, 0x2c, 0x7f,
  0xd0, 0xee, 0xe6, 0xdd, 0x1e, 0x49, 0xe3, 0x6e, 0x38, 0x8d, 0xf7, 0xc1,
  0x6b, 0xbc, 0x0e, 0xcf, 0x00, 0xcb, 0x54, 0xec, 0xdc, 0x19, 0x06, 0xd4,
  0x39, 0x6f, 0x2f, 0x28, 0x08, 0x3d, 0x66, 0x07, 0xc1, 0xba, 0x13, 0x36,
  0x1e, 0x3c, 0x38, 0x39, 0x89, 0x00, 0x53, 0x2d, 0x51, 0x0c, 0xbc, 0xdd,
  0x06, 0xf4, 0x5b, 0xaf, 0x6c, 0x39, 0xc1, 0x1b, 0x77, 0x81, 0xb0, 0x26,
  0x1c, 0x8b, 0x14, 0x01, 0x27, 0x17, 0x42, 0x59, 0x02, 0xf0, 0xfd, 0x47,
  0x11, 0xed, 0xa1, 0xa6, 0x70, 0x88, 0x32, 0x31, 0xa3, 0x11, 0x71, 0xce,
  0xfe, 0xea, 0xc4, 0x2a, 0x25, 0xe2, 0x2f, 0xd4, 0xd2, 0x4d, 0x7f, 0x9d,
  0x2f, 0xb1, 0x18, 0x3c, 0xd7, 0x41, 0x5e, 0x5a, 0x87, 0xa0, 0x70, 0xb6,
  0x79, 0x46, 0xff, 0x63, 0xbf, 0x1a, 0x2b, 0x18, 0x4b, 0x0a, 0x0c, 0x23,
  0x4d, 0x84, 0xc4, 0x7f, 0x1d, 0x87, 0xcd, 0xbd, 0xe0, 0xcb, 0x13, 0x40,
  0xb3, 0xdd, 0x90, 0xfc, 0x96, 0xa5, 0x00, 0x18, 0x1b, 0x1f, 0xae, 0xc4,
  0xb0, 0xa4, 0xe9, 0x09, 0x10, 0xd1, 0xc6, 0xf6, 0x35, 0x8d, 0x97, 0x86,
  0x81, 0x9d, 0xb9, 0x02, 0x95, 0xeb, 0x1b, 0xb6, 0xae, 0x8c, 0x19, 0x25,
  0xf4, 0x1b, 0x8e, 0x37, 0xd1, 0xdd, 0x56, 0xbb, 0xcf, 0x22, 0x20, 0x49,
  0xd3, 0xc4, 0xd4, 0x90, 0xdb, 0xf5, 0x2b, 0x21, 0x2c, 0x01, 0xb7, 0x4c,
  0x9f, 0x09, 0xee, 0x39, 0x5e, 0xf7, 0x5c, 0xa6, 0x30, 0x4b, 0xcf, 0xbe,
  0xeb, 0xed, 0xe9, 0x28, 0x52, 0x1c, 0x35, 0x36, 0xa0, 0xce, 0xea, 0xf6,
  0xba, 0x86, 0xd5, 0xfb, 0xe5, 0xee, 0x1a, 0xc6, 0x4f, 0xac, 0xfe, 0x3a,
  0x38, 0x96, 0x5a, 0xe9, 0x31, 0xe9, 0xad, 0x5a, 0x1e, 0xb0, 0x8c, 0xa8,
  0xe7, 0xd0, 0x4c, 0x38, 0x3b, 0xe6, 0xa4, 0x88, 0x3f, 0x96, 0xf7, 0x81,
  0xbb, 0xfc, 0xa0, 0xd4, 0x3d, 0xe3, 0x57, 0xf4, 0xfb, 0x49, 0xd3, 0x34,
  0x6f, 0x33, 0x7f, 0x5d, 0xe8, 0xfe, 0xf0, 0x04, 0x1b, 0x2f, 0x88, 0xc8,
  0x3e, 0xb1, 0x27, 0xf2, 0x08, 0xa7, 0xb5, 0x1a, 0x24, 0xa6, 0xa4, 0x00,
  0xdf, 0xf7, 0x34, 0x46, 0x16, 0x5f, 0x90, 0x15, 0xe5, 0x07, 0xbf, 0x70,
  0x28, 0xdd, 0xb9, 0x97, 0xfd, 0x1d, 0x64, 0xd6, 0x62, 0x01, 0x0e, 0x04,
  0x44, 0x05, 0x05, 0xca, 0xca, 0xc7, 0x69, 0x10, 0x65, 0xa3, 0x66, 0x2a,
  0xd3, 0x73, 0x81, 0xd0, 0x90, 0xf7, 0xb2, 0xea, 0xdd, 0x12, 0x00, 0x69,
  0x91, 0x6a, 0xf6, 0x8f, 0xa4, 0x83, 0xf5, 0xcd, 0x32, 0x99, 0x32, 0x44,
  0x02, 0x25, 0x70, 0x8d, 0x14, 0x84, 0x3f, 0x98, 0xb9, 0xb3, 0x64, 0xb9,
  0xa8, 0x93, 0x26, 0xc0, 0x1b, 0x61, 0x75, 0x9b, 0x27, 0x4e, 0xf0, 0x97,
  0x08, 0xf5, 0x7b, 0x65, 0xab, 0x95, 0xba, 0x8e, 0xfd, 0x8a, 0x0a, 0xa3,
  0xf7, 0xd5, 0x38, 0xb4, 0x6d, 0x43, 0xe6, 0x36, 0x5b, 0x56, 0x33, 0x20,
  0xad, 0x31, 0xec, 0x6a, 0x2d, 0x49, 0x0c, 0x98, 0x26, 0x17, 0x7e, 0xaf,
  0xdf, 0xf2, 0x0c, 0x3b, 0xf0, 0xd9, 0xe2, 0x22, 0xa6, 0x19, 0x0f, 0xee,
  0x10, 0x42, 0x9d, 0xcf, 0xc9, 0x4d, 0xa4, 0xf9, 0xb6, 0xf9, 0x9b, 0xbc,
  0x56, 0xdf, 0x55, 0xef, 0x69, 0xad, 0x0b, 0xd2, 0x2b, 0x54, 0x7f, 0xad,
  0xcc, 0xdd, 0x07, 0x5b, 0x78, 0x1d, 0x09, 0x9d, 0xfa, 0xad, 0xba, 0x20,
  0x13, 0xea, 0xdd, 0x44, 0x9e, 0x0c, 0xf8, 0x4c, 0x08, 0x04, 0x3d, 0xfd,
  0x55, 0xfa, 0x12, 0x5d, 0xb9, 0xb0, 0xc8, 0xc8, 0x26, 0xf1, 0x10, 0x06,
  0x28, 0xbc, 0x4e, 0x43, 0xac, 0xaa, 0x0c, 0xf8, 0x39, 0x6f, 0x1f, 0x1f,
  0x8f, 0xb9, 0x30, 0xd3, 0xa6, 0x00, 0xfd, 0x33, 0xc7, 0xb9, 0x40, 0x6a,
  0x97, 0x66, 0xe7, 0xc2, 0x15, 0x5f, 0xc3, 0x4b, 0xe8, 0xe1, 0x81, 0xa0,
  0xae, 0xcf, 0x8d, 0x17, 0xd1, 0x08, 0xab, 0x12, 0xe3, 0xf5, 0xa8, 0x5a,
  0x1a, 0xce, 0xe0, 0xa6, 0xa9, 0x89, 0x97, 0xd8, 0x89, 0x46, 0x89, 0x31,
  0x34, 0xe8, 0xbc, 0x25, 0x94, 0x26, 0xcc, 0x8c, 0xe2, 0x3a, 0x2c, 0xee,
  0x39, 0x95, 0x81, 0x01, 0x41, 0x1f, 0xd7, 0x3e, 0xb6, 0x00, 0x1a, 0xfe,
  0xd1, 0xb6, 0x9b, 0xc9, 0x06, 0x2f, 0xa6, 0xc1, 0x51, 0xd1, 0x4e, 0xcd,
  0x3f, 0xb2, 0xf1, 0xe6, 0x6a, 0x33, 0x44, 0xbf, 0x50, 0xf5, 0xf6, 0x59,
  0x16, 0xaf, 0xe7, 0x16, 0x59, 0xf9, 0xda, 0x30, 0x0a, 0xea, 0x33, 0x10,
  0xc8, 0xf4, 0xf6, 0xbd, 0xe9, 0x0d, 0xd3, 0x10, 0xd8, 0x10, 0x90, 0x07,
  0x64, 0x09, 0x3b, 0xcb, 0x81, 0xd0, 0x3f, 0x3e, 0xb8, 0xb8, 0x9b, 0xdb,
  0x56, 0xc6, 0x3a, 0xaa, 0x79, 0xe8, 0x89, 0xa0, 0x10, 0xdf, 0xee, 0xbb,
  0x4a, 0x2b, 0x31, 0x1c, 0x43, 0x28, 0x0c, 0xe0, 0x97, 0x31, 0xd2, 0x81,
  0x30, 0x5d, 0x1c, 0x33, 0xbf, 0xbb, 0xd1, 0xbd, 0xb2, 0x37, 0x64, 0x3e,
  0x68, 0x29, 0xbf, 0x03, 0x3a, 0x14, 0x18, 0x92, 0x45, 0x16, 0x55, 0x29,
  0x38, 0x01, 0x68, 0xf3, 0x27, 0xee, 0x63, 0xaf, 0x2f, 0x3a, 0x18, 0x93,
  0xea, 0x00, 0x1f, 0x3f, 0x2b, 0x40, 0xba, 0x16, 0xa4, 0xaf, 0x4b, 0x4c,
  0xa5, 0xdd, 0xcc, 0xd2, 0xb6, 0xf3, 0x9c, 0x92, 0xec, 0x5b, 0x82, 0x27,
  0x61, 0x4f, 0x4e, 0x14, 0x03, 0x99, 0x99, 0xad, 0xf4, 0xdf, 0xd2, 0x01,
  0xff, 0x8b, 0x4d, 0xf8, 0x94, 0x7f, 0x64, 0xdb, 0x6d, 0x55, 0x7d, 0xfa,
  0x34, 0x54, 0x66, 0xa9, 0xc3, 0xcf, 0xbc, 0xf5, 0x42, 0x51, 0xe1, 0x59,
  0xd7, 0x0c, 0x39, 0x0f, 0xed, 0xe6, 0x9a, 0x11, 0x03, 0xf6, 0x13, 0x1d,
  0x47, 0x48, 0x9e, 0xec, 0x3b, 0xc4, 0xe8, 0x65, 0xc1, 0xd0, 0x57, 0x24,
  0xee, 0xf1, 0x2b, 0x5e, 0x51, 0xf5, 0x06, 0x4b, 0x13, 0xcf, 0x7f, 0x47,
  0xde, 0x08, 0xa0, 0x45, 0x30, 0x3c, 0xe7, 0xfe, 0x5c, 0xac, 0x74, 0xee,
  0x9c, 0x04, 0xc6, 0x70, 0xd6, 0x9d, 0x9a, 0xdc, 0xb1, 0xde, 0x45, 0x44,
  0xe6, 0x6b, 0xc5, 0x42, 0x20, 0x2d, 0x0b, 0x07, 0xa0, 0xb7, 0xcb, 0xb1,
  0x7f, 0xd9, 0x06, 0xdf, 0x48, 0xd0, 0xe0, 0xfc, 0x2e, 0xe6, 0xfc, 0x12,
  0xf4, 0xf9, 0xff, 0x75, 0x7a, 0xd8, 0x16, 0xfd, 0xa0, 0xdd, 0xb0, 0xc2,
  0xe5, 0xf2, 0x03, 0x3a, 0x94, 0x30, 0xe2, 0x44, 0xa4, 0xe9, 0xe5, 0x1d,
  0x1c, 0xe2, 0xf1, 0x7f, 0x34, 0xf2, 0x37, 0x06, 0x09, 0x26, 0xd3, 0xbe,
  0x64, 0x49, 0x3e, 0x18, 0xe8, 0xb9, 0x6e, 0x1f, 0x19, 0x39, 0x00, 0x9b,
  0x03, 0xed, 0x2d, 0xe1, 0xd9, 0xe1, 0xfe, 0x42, 0xb6, 0xee, 0x40, 0x54,
  0x00, 0x21, 0xbb, 0xe3, 0x26, 0x3f, 0xb7, 0xa9, 0xfe, 0x54, 0x9b, 0xe1,
  0x24, 0x20, 0xe1, 0x10, 0x41, 0x49, 0x18, 0x44, 0x81, 0xe2, 0xb7, 0xd0,
  0xd0, 0x52, 0x0d, 0xa6, 0x54, 0x8e, 0xf9, 0xd9, 0x3d, 0xd7, 0xb7, 0xee,
  0x24, 0x22, 0xb7, 0x17, 0xc2, 0x31, 0x11, 0xe6, 0x94, 0xb1, 0x20, 0x94,
  0x09, 0x2a, 0x97, 0xc3, 0x27, 0xc4, 0x34, 0x16, 0xc4, 0xed, 0xf0, 0xe9,
  0x99, 0x10, 0x6a, 0x0b, 0xc6, 0xf9, 0x6b, 0x34, 0xfc, 0x6b, 0x01, 0x2c,
  0x3f, 0x17, 0x18, 0x99, 0xeb, 0xec, 0xc6, 0xf2, 0x71, 0xe2, 0x48, 0x0a,
  0x2b, 0x33, 0xe7, 0x2c, 0xe9, 0x10, 0x9e, 0xba, 0x04, 0xbb, 0x18, 0x38,
  0xea, 0xdf, 0xf3, 0x6e, 0x1d, 0xca, 0x10, 0xd8, 0x81, 0x2d, 0x14, 0xc4,
  0x13, 0x31, 0xcb, 0x08, 0x51, 0x6f, 0xc5, 0x0b, 0xf4, 0x9a, 0x1d, 0x02,
  0xe7, 0x88, 0x0f, 0x14, 0x4d, 0xba, 0xfd, 0x9e, 0x26, 0x12, 0x7a, 0x3e,
  0x18, 0x2c, 0x35, 0x2f, 0x35, 0x25, 0xc3, 0xe6, 0xf4, 0xd5, 0x85, 0x8c,
  0xe6, 0x6c, 0x59, 0xa8, 0xdc, 0x59, 0xaa, 0xcf, 0x76, 0xc9, 0x25, 0xf3,
  0xe8, 0xaf, 0xcc, 0x06, 0xcc, 0xc9, 0x4d, 0xfa, 0xb3, 0x2f, 0x32, 0x8d,
  0x8d, 0x37, 0xc3, 0xd9, 0xf5, 0x4d, 0x48, 0x6a, 0xe6, 0xc2, 0x1c, 0x4a,
  0xba, 0x54, 0x74, 0x8e, 0x2a, 0x81, 0xcf, 0x9a, 0x87, 0x91, 0x96, 0x53,
  0x90, 0xb5, 0x68, 0x9f, 0xdd, 0xfc, 0xfe, 0x95, 0xde, 0x02, 0x3c, 0x9b,
  0xf8, 0xd7, 0x9f, 0x0f, 0x1b, 0x26, 0x1f, 0xe2, 0x15, 0x2f, 0xa1, 0x0a,
  0x28, 0x88, 0xb9, 0x47, 0xc8, 0xa9, 0x59, 0xc5, 0x23, 0x1a, 0x0f, 0xd2,
  0xd9, 0x26, 0x40, 0xbc, 0xcf, 0xaa, 0x9c, 0x97, 0x81, 0xdf, 0x56, 0x8c,
  0x93, 0x0d, 0xe7, 0xfc, 0x93, 0x3b, 0x0c, 0xcb, 0xa6, 0x95, 0x43, 0x2c,
  0x23, 0x08, 0xbb, 0x20, 0xe6, 0x15, 0x1a, 0x49, 0xc5, 0xfa, 0xf6, 0x3f,
  0x2b, 0x9e, 0x66, 0x59, 0xb2, 0xfd, 0xff, 0xff, 0x04, 0x00, 0x00, 0x00,
  0x80, 0x00, 0x00, 0x00, 0xd7, 0x04, 0x00, 0x00, 0x55, 0xfc, 0xff, 0xff,
  0x00, 0x00, 0x00, 0x00, 0x6b, 0xf8, 0xff, 0xff, 0x00, 0x00, 0x00, 0x00,
  0x41, 0xf7, 0xff, 0xff, 0x81, 0xf6, 0xff, 0xff, 0xa9, 0x01, 0x00, 0x00,
  0xa1, 0xfb, 0xff, 0xff, 0xc7, 0x02, 0x00, 0x00, 0xf5, 0xf6, 0xff, 0xff,
  0xa1, 0xf4, 0xff, 0xff, 0xfc, 0x01, 0x00, 0x00, 0xf0, 0x04, 0x00, 0x00,
  0xdd, 0xf6, 0xff, 0xff, 0x4e, 0xf3, 0xff, 0xff, 0xba, 0xf4, 0xff, 0xff,
  0xdc, 0xf8, 0xff, 0xff, 0x96, 0x08, 0x00, 0x00, 0x00, 0x00, 0x00, 0x00,
  0x23, 0x04, 0x00, 0x00, 0x26, 0x01, 0x00, 0x00, 0xe8, 0xf4, 0xff, 0xff,
  0xe0, 0xfe, 0xff, 0xff, 0x39, 0x00, 0x00, 0x00, 0x1c, 0xf3, 0xff, 0xff,
  0x29, 0x07, 0x00, 0x00, 0x9c, 0xfd, 0xff, 0xff, 0x90, 0xff, 0xff, 0xff,
  0x39, 0x03, 0x00, 0x00, 0x00, 0x00, 0x00, 0x00, 0x9c, 0xf9, 0xff, 0xff,
  0x3e, 0xfe, 0xff, 0xff, 0x04, 0x00, 0x00, 0x00, 0x60, 0x00, 0x00, 0x00,
  0x3f, 0xda, 0xe8, 0x2c, 0xd7, 0xdd, 0xd2, 0x5b, 0x8f, 0x02, 0xe1, 0xb9,
  0xd1, 0x64, 0xf6, 0x20, 0x14, 0x0d, 0xf6, 0xc5, 0x3d, 0x9f, 0xc3, 0x49,
  0x81, 0x28, 0x2e, 0x9b, 0xc5, 0x44, 0x3a, 0xc1, 0xe4, 0xae, 0xd9, 0xfa,
  0xe0, 0x81, 0x49, 0xa5, 0xcd, 0x0b, 0x87, 0xce, 0x29, 0xf5, 0x96, 0xb6,
  0x1d, 0x1c, 0xf0, 0xf9, 0x35, 0x55, 0x1f, 0xae, 0x3e, 0xa7, 0x1c, 0x1e,
  0x31, 0x4e, 0x34, 0x0d, 0x8d, 0x2f, 0x2b, 0x1f, 0x2e, 0xf2, 0xb4, 0xca,
  0x3a, 0x9c, 0x6c, 0x2f, 0x2a, 0x1a, 0xfa, 0x37, 0x18, 0x21, 0x8d, 0x2b,
  0x9b, 0x1a, 0xcf, 0xeb, 0x49, 0x31, 0x81, 0x18, 0xbc, 0xb1, 0x33, 0xeb,
  0xaa, 0xfe, 0xff, 0xff, 0x04, 0x00, 0x00, 0x00, 0x0c, 0x00, 0x00, 0x00,
  0xa8, 0xff, 0xff, 0xff, 0xa0, 0x04, 0x00, 0x00, 0xed, 0xfa, 0xff, 0xff,
  0xc2, 0xfe, 0xff, 0xff, 0x04, 0x00, 0x00, 0x00, 0x0c, 0x00, 0x00, 0x00,
  0xff, 0xff, 0xff, 0xff, 0x19, 0x00, 0x00, 0x00, 0x40, 0x00, 0x00, 0x00,
  0xda, 0xfe, 0xff, 0xff, 0x04, 0x00, 0x00, 0x00, 0x0c, 0x00, 0x00, 0x00,
  0xff, 0xff, 0xff, 0xff, 0x19, 0x00, 0x00, 0x00, 0x30, 0x00, 0x00, 0x00,
  0xf2, 0xfe, 0xff, 0xff, 0x04, 0x00, 0x00, 0x00, 0x0c, 0x00, 0x00, 0x00,
  0xff, 0xff, 0xff, 0xff, 0x32, 0x00, 0x00, 0x00, 0x30, 0x00, 0x00, 0x00,
  0x0a, 0xff, 0xff, 0xff, 0x04, 0x00, 0x00, 0x00, 0x04, 0x00, 0x00, 0x00,
  0x01, 0x00, 0x00, 0x00, 0x1a, 0xff, 0xff, 0xff, 0x04, 0x00, 0x00, 0x00,
  0x0c, 0x00, 0x00, 0x00, 0xff, 0xff, 0xff, 0xff, 0x32, 0x00, 0x00, 0x00,
  0x18, 0x00, 0x00, 0x00, 0x32, 0xff, 0xff, 0xff, 0x04, 0x00, 0x00, 0x00,
  0x04, 0x00, 0x00, 0x00, 0xfd, 0xff, 0xff, 0xff, 0xa0, 0xcc, 0xff, 0xff,
  0xa4, 0xcc, 0xff, 0xff, 0x0f, 0x00, 0x00, 0x00, 0x4d, 0x4c, 0x49, 0x52,
  0x20, 0x43, 0x6f, 0x6e, 0x76, 0x65, 0x72, 0x74, 0x65, 0x64, 0x2e, 0x00,
  0x01, 0x00, 0x00, 0x00, 0x14, 0x00, 0x00, 0x00, 0x00, 0x00, 0x0e, 0x00,
  0x18, 0x00, 0x14, 0x00, 0x10, 0x00, 0x0c, 0x00, 0x08, 0x00, 0x04, 0x00,
  0x0e, 0x00, 0x00, 0x00, 0x14, 0x00, 0x00, 0x00, 0x1c, 0x00, 0x00, 0x00,
  0x78, 0x04, 0x00, 0x00, 0x7c, 0x04, 0x00, 0x00, 0x80, 0x04, 0x00, 0x00,
  0x04, 0x00, 0x00, 0x00, 0x6d, 0x61, 0x69, 0x6e, 0x00, 0x00, 0x00, 0x00,
  0x12, 0x00, 0x00, 0x00, 0x30, 0x04, 0x00, 0x00, 0xd0, 0x03, 0x00, 0x00,
  0x98, 0x03, 0x00, 0x00, 0x5c, 0x03, 0x00, 0x00, 0x0c, 0x03, 0x00, 0x00,
  0xb8, 0x02, 0x00, 0x00, 0x90, 0x02, 0x00, 0x00, 0x60, 0x02, 0x00, 0x00,
  0x0c, 0x02, 0x00, 0x00, 0xd4, 0x01, 0x00, 0x00, 0xa4, 0x01, 0x00, 0x00,
  0x60, 0x01, 0x00, 0x00, 0x18, 0x01, 0x00, 0x00, 0xf0, 0x00, 0x00, 0x00,
  0xbc, 0x00, 0x00, 0x00, 0x78, 0x00, 0x00, 0x00, 0x40, 0x00, 0x00, 0x00,
  0x04, 0x00, 0x00, 0x00, 0x2a, 0xfe, 0xff, 0xff, 0x1c, 0x00, 0x00, 0x00,
  0x00, 0x00, 0x00, 0x09, 0x1c, 0x00, 0x00, 0x00, 0x20, 0x00, 0x00, 0x00,
  0x07, 0x00, 0x00, 0x00, 0x00, 0x00, 0x06, 0x00, 0x08, 0x00, 0x04, 0x00,
  0x06, 0x00, 0x00, 0x00, 0x00, 0x00, 0x80, 0x3f, 0x01, 0x00, 0x00, 0x00,
  0x26, 0x00, 0x00, 0x00, 0x01, 0x00, 0x00, 0x00, 0x25, 0x00, 0x00, 0x00,
  0xba, 0xfc, 0xff, 0xff, 0x14, 0x00, 0x00, 0x00, 0x00, 0x00, 0x00, 0x08,
  0x10, 0x00, 0x00, 0x00, 0x14, 0x00, 0x00, 0x00, 0x06, 0x00, 0x00, 0x00,
  0x94, 0xcd, 0xff, 0xff, 0x01, 0x00, 0x00, 0x00, 0x25, 0x00, 0x00, 0x00,
  0x03, 0x00, 0x00, 0x00, 0x24, 0x00, 0x00, 0x00, 0x08, 0x00, 0x00, 0x00,
  0x07, 0x00, 0x00, 0x00, 0x96, 0xfe, 0xff, 0xff, 0x1c, 0x00, 0x00, 0x00,
  0x00, 0x00, 0x00, 0x08, 0x1c, 0x00, 0x00, 0x00, 0x20, 0x00, 0x00, 0x00,
  0x06, 0x00, 0x00, 0x00, 0x00, 0x00, 0x06, 0x00, 0x08, 0x00, 0x07, 0x00,
  0x06, 0x00, 0x00, 0x00, 0x00, 0x00, 0x00, 0x01, 0x01, 0x00, 0x00, 0x00,
  0x24, 0x00, 0x00, 0x00, 0x03, 0x00, 0x00, 0x00, 0x23, 0x00, 0x00, 0x00,
  0x0a, 0x00, 0x00, 0x00, 0x09, 0x00, 0x00, 0x00, 0x2e, 0xfd, 0xff, 0xff,
  0x14, 0x00, 0x00, 0x00, 0x00, 0x00, 0x00, 0x1b, 0x10, 0x00, 0x00, 0x00,
  0x14, 0x00, 0x00, 0x00, 0x05, 0x00, 0x00, 0x00, 0x08, 0xce, 0xff, 0xff,
  0x01, 0x00, 0x00, 0x00, 0x23, 0x00, 0x00, 0x00, 0x02, 0x00, 0x00, 0x00,
  0x22, 0x00, 0x00, 0x00, 0x03, 0x00, 0x00, 0x00, 0x8e, 0xfd, 0xff, 0xff,
  0x0c, 0x00, 0x00, 0x00, 0x10, 0x00, 0x00, 0x00, 0x02, 0x00, 0x00, 0x00,
  0x01, 0x00, 0x00, 0x00, 0x22, 0x00, 0x00, 0x00, 0x02, 0x00, 0x00, 0x00,
  0x21, 0x00, 0x00, 0x00, 0x06, 0x00, 0x00, 0x00, 0x82, 0xfd, 0xff, 0xff,
  0x14, 0x00, 0x00, 0x00, 0x00, 0x00, 0x00, 0x01, 0x20, 0x00, 0x00, 0x00,
  0x24, 0x00, 0x00, 0x00, 0x01, 0x00, 0x00, 0x00, 0x7c, 0xfe, 0xff, 0xff,
  0x00, 0x00, 0x00, 0x01, 0x01, 0x00, 0x00, 0x00, 0x01, 0x00, 0x00, 0x00,
  0x00, 0x00, 0x00, 0x01, 0x01, 0x00, 0x00, 0x00, 0x21, 0x00, 0x00, 0x00,
  0x03, 0x00, 0x00, 0x00, 0x20, 0x00, 0x00, 0x00, 0x0c, 0x00, 0x00, 0x00,
  0x0b, 0x00, 0x00, 0x00, 0xc6, 0xfd, 0xff, 0xff, 0x14, 0x00, 0x00, 0x00,
  0x00, 0x00, 0x00, 0x02, 0x1c, 0x00, 0x00, 0x00, 0x20, 0x00, 0x00, 0x00,
  0x03, 0x00, 0x00, 0x00, 0x70, 0xfe, 0xff, 0xff, 0x01, 0x00, 0x00, 0x00,
  0x01, 0x00, 0x00, 0x00, 0x01, 0x00, 0x00, 0x00, 0x01, 0x00, 0x00, 0x00,
  0x20, 0x00, 0x00, 0x00, 0x03, 0x00, 0x00, 0x00, 0x1f, 0x00, 0x00, 0x00,
  0x0e, 0x00, 0x00, 0x00, 0x0d, 0x00, 0x00, 0x00, 0xaa, 0xfd, 0xff, 0xff,
  0x10, 0x00, 0x00, 0x00, 0x00, 0x00, 0x00, 0x34, 0x0c, 0x00, 0x00, 0x00,
  0x10, 0x00, 0x00, 0x00, 0xdc, 0xce, 0xff, 0xff, 0x01, 0x00, 0x00, 0x00,
  0x1f, 0x00, 0x00, 0x00, 0x02, 0x00, 0x00, 0x00, 0x1e, 0x00, 0x00, 0x00,
  0x03, 0x00, 0x00, 0x00, 0x62, 0xfe, 0xff, 0xff, 0x0c, 0x00, 0x00, 0x00,
  0x10, 0x00, 0x00, 0x00, 0x02, 0x00, 0x00, 0x00, 0x01, 0x00, 0x00, 0x00,
  0x1e, 0x00, 0x00, 0x00, 0x02, 0x00, 0x00, 0x00, 0x1d, 0x00, 0x00, 0x00,
  0x05, 0x00, 0x00, 0x00, 0x00, 0x00, 0x0e, 0x00, 0x1a, 0x00, 0x14, 0x00,
  0x10, 0x00, 0x0c, 0x00, 0x0b, 0x00, 0x04, 0x00, 0x0e, 0x00, 0x00, 0x00,
  0x24, 0x00, 0x00, 0x00, 0x00, 0x00, 0x00, 0x05, 0x34, 0x00, 0x00, 0x00,
  0x38, 0x00, 0x00, 0x00, 0x04, 0x00, 0x00, 0x00, 0x00, 0x00, 0x0e, 0x00,
  0x18, 0x00, 0x17, 0x00, 0x10, 0x00, 0x0c, 0x00, 0x08, 0x00, 0x04, 0x00,
  0x0e, 0x00, 0x00, 0x00, 0x01, 0x00, 0x00, 0x00, 0x02, 0x00, 0x00, 0x00,
  0x01, 0x00, 0x00, 0x00, 0x02, 0x00, 0x00, 0x00, 0x00, 0x00, 0x00, 0x01,
  0x01, 0x00, 0x00, 0x00, 0x1d, 0x00, 0x00, 0x00, 0x01, 0x00, 0x00, 0x00,
  0x1c, 0x00, 0x00, 0x00, 0x5a, 0xfe, 0xff, 0xff, 0x10, 0x00, 0x00, 0x00,
  0x00, 0x00, 0x00, 0x34, 0x0c, 0x00, 0x00, 0x00, 0x10, 0x00, 0x00, 0x00,
  0x8c, 0xcf, 0xff, 0xff, 0x01, 0x00, 0x00, 0x00, 0x1c, 0x00, 0x00, 0x00,
  0x02, 0x00, 0x00, 0x00, 0x1b, 0x00, 0x00, 0x00, 0x03, 0x00, 0x00, 0x00,
  0x12, 0xff, 0xff, 0xff, 0x0c, 0x00, 0x00, 0x00, 0x10, 0x00, 0x00, 0x00,
  0x02, 0x00, 0x00, 0x00, 0x01, 0x00, 0x00, 0x00, 0x1b, 0x00, 0x00, 0x00,
  0x02, 0x00, 0x00, 0x00, 0x1a, 0x00, 0x00, 0x00, 0x04, 0x00, 0x00, 0x00,
  0x06, 0xff, 0xff, 0xff, 0x20, 0x00, 0x00, 0x00, 0x00, 0x00, 0x00, 0x01,
  0x2c, 0x00, 0x00, 0x00, 0x30, 0x00, 0x00, 0x00, 0x01, 0x00, 0x00, 0x00,
  0x0c, 0x00, 0x14, 0x00, 0x13, 0x00, 0x0c, 0x00, 0x08, 0x00, 0x07, 0x00,
  0x0c, 0x00, 0x00, 0x00, 0x00, 0x00, 0x00, 0x01, 0x01, 0x00, 0x00, 0x00,
  0x01, 0x00, 0x00, 0x00, 0x00, 0x00, 0x00, 0x01, 0x01, 0x00, 0x00, 0x00,
  0x1a, 0x00, 0x00, 0x00, 0x03, 0x00, 0x00, 0x00, 0x19, 0x00, 0x00, 0x00,
  0x10, 0x00, 0x00, 0x00, 0x0f, 0x00, 0x00, 0x00, 0x56, 0xff, 0xff, 0xff,
  0x20, 0x00, 0x00, 0x00, 0x00, 0x00, 0x00, 0x02, 0x28, 0x00, 0x00, 0x00,
  0x2c, 0x00, 0x00, 0x00, 0x03, 0x00, 0x00, 0x00, 0x0c, 0x00, 0x10, 0x00,
  0x00, 0x00, 0x0c, 0x00, 0x08, 0x00, 0x04, 0x00, 0x0c, 0x00, 0x00, 0x00,
  0x01, 0x00, 0x00, 0x00, 0x01, 0x00, 0x00, 0x00, 0x01, 0x00, 0x00, 0x00,
  0x01, 0x00, 0x00, 0x00, 0x19, 0x00, 0x00, 0x00, 0x03, 0x00, 0x00, 0x00,
  0x18, 0x00, 0x00, 0x00, 0x12, 0x00, 0x00, 0x00, 0x11, 0x00, 0x00, 0x00,
  0x46, 0xff, 0xff, 0xff, 0x10, 0x00, 0x00, 0x00, 0x00, 0x00, 0x00, 0x34,
  0x0c, 0x00, 0x00, 0x00, 0x10, 0x00, 0x00, 0x00, 0x78, 0xd0, 0xff, 0xff,
  0x01, 0x00, 0x00, 0x00, 0x18, 0x00, 0x00, 0x00, 0x02, 0x00, 0x00, 0x00,
  0x17, 0x00, 0x00, 0x00, 0x03, 0x00, 0x00, 0x00, 0x00, 0x00, 0x0a, 0x00,
  0x10, 0x00, 0x0c, 0x00, 0x08, 0x00, 0x04, 0x00, 0x0a, 0x00, 0x00, 0x00,
  0x0c, 0x00, 0x00, 0x00, 0x10, 0x00, 0x00, 0x00, 0x02, 0x00, 0x00, 0x00,
  0x01, 0x00, 0x00, 0x00, 0x17, 0x00, 0x00, 0x00, 0x02, 0x00, 0x00, 0x00,
  0x16, 0x00, 0x00, 0x00, 0x02, 0x00, 0x00, 0x00, 0x00, 0x00, 0x0e, 0x00,
  0x18, 0x00, 0x14, 0x00, 0x10, 0x00, 0x0c, 0x00, 0x0b, 0x00, 0x04, 0x00,
  0x0e, 0x00, 0x00, 0x00, 0x20, 0x00, 0x00, 0x00, 0x00, 0x00, 0x00, 0x01,
  0x28, 0x00, 0x00, 0x00, 0x2c, 0x00, 0x00, 0x00, 0x01, 0x00, 0x00, 0x00,
  0x0c, 0x00, 0x10, 0x00, 0x00, 0x00, 0x0c, 0x00, 0x08, 0x00, 0x07, 0x00,
  0x0c, 0x00, 0x00, 0x00, 0x00, 0x00, 0x00, 0x01, 0x01, 0x00, 0x00, 0x00,
  0x02, 0x00, 0x00, 0x00, 0x01, 0x00, 0x00, 0x00, 0x16, 0x00, 0x00, 0x00,
  0x03, 0x00, 0x00, 0x00, 0x15, 0x00, 0x00, 0x00, 0x14, 0x00, 0x00, 0x00,
  0x13, 0x00, 0x00, 0x00, 0x00, 0x00, 0x0e, 0x00, 0x14, 0x00, 0x00, 0x00,
  0x10, 0x00, 0x0c, 0x00, 0x0b, 0x00, 0x04, 0x00, 0x0e, 0x00, 0x00, 0x00,
  0x10, 0x00, 0x00, 0x00, 0x00, 0x00, 0x00, 0x34, 0x0c, 0x00, 0x00, 0x00,
  0x10, 0x00, 0x00, 0x00, 0x40, 0xd1, 0xff, 0xff, 0x01, 0x00, 0x00, 0x00,
  0x15, 0x00, 0x00, 0x00, 0x02, 0x00, 0x00, 0x00, 0x00, 0x00, 0x00, 0x00,
  0x01, 0x00, 0x00, 0x00, 0x01, 0x00, 0x00, 0x00, 0x26, 0x00, 0x00, 0x00,
  0x01, 0x00, 0x00, 0x00, 0x00, 0x00, 0x00, 0x00, 0x27, 0x00, 0x00, 0x00,
  0xcc, 0x2e, 0x00, 0x00, 0x74, 0x2e, 0x00, 0x00, 0x1c, 0x2e, 0x00, 0x00,
  0xe0, 0x2d, 0x00, 0x00, 0xa0, 0x2d, 0x00, 0x00, 0x60, 0x2d, 0x00, 0x00,
  0x20, 0x2d, 0x00, 0x00, 0xa8, 0x2c, 0x00, 0x00, 0x2c, 0x2c, 0x00, 0x00,
  0x58, 0x2a, 0x00, 0x00, 0x7c, 0x28, 0x00, 0x00, 0x28, 0x25, 0x00, 0x00,
  0xc4, 0x21, 0x00, 0x00, 0x30, 0x1f, 0x00, 0x00, 0x74, 0x1c, 0x00, 0x00,
  0xc8, 0x19, 0x00, 0x00, 0x24, 0x17, 0x00, 0x00, 0xb0, 0x15, 0x00, 0x00,
  0x28, 0x14, 0x00, 0x00, 0xb0, 0x12, 0x00, 0x00, 0x2c, 0x11, 0x00, 0x00,
  0x80, 0x10, 0x00, 0x00, 0xcc, 0x0e, 0x00, 0x00, 0x4c, 0x0d, 0x00, 0x00,
  0xac, 0x0c, 0x00, 0x00, 0x00, 0x0c, 0x00, 0x00, 0x54, 0x0a, 0x00, 0x00,
  0xe4, 0x08, 0x00, 0x00, 0x3c, 0x08, 0x00, 0x00, 0xa0, 0x07, 0x00, 0x00,
  0x00, 0x07, 0x00, 0x00, 0x60, 0x06, 0x00, 0x00, 0xb4, 0x05, 0x00, 0x00,
  0x08, 0x04, 0x00, 0x00, 0x98, 0x02, 0x00, 0x00, 0x10, 0x02, 0x00, 0x00,
  0x34, 0x01, 0x00, 0x00, 0x80, 0x00, 0x00, 0x00, 0x04, 0x00, 0x00, 0x00,
  0xe6, 0xd1, 0xff, 0xff, 0x00, 0x00, 0x00, 0x01, 0x18, 0x00, 0x00, 0x00,
  0x20, 0x00, 0x00, 0x00, 0x3c, 0x00, 0x00, 0x00, 0x27, 0x00, 0x00, 0x00,
  0x00, 0x00, 0x00, 0x09, 0x50, 0x00, 0x00, 0x00, 0x02, 0x00, 0x00, 0x00,
  0xff, 0xff, 0xff, 0xff, 0x03, 0x00, 0x00, 0x00, 0xcc, 0xd1, 0xff, 0xff,
  0x08, 0x00, 0x00, 0x00, 0x10, 0x00, 0x00, 0x00, 0x01, 0x00, 0x00, 0x00,
  0x80, 0xff, 0xff, 0xff, 0xff, 0xff, 0xff, 0xff, 0x01, 0x00, 0x00, 0x00,
  0x00, 0x00, 0x80, 0x3b, 0x1b, 0x00, 0x00, 0x00, 0x53, 0x74, 0x61, 0x74,
  0x65, 0x66, 0x75, 0x6c, 0x50, 0x61, 0x72, 0x74, 0x69, 0x74, 0x69, 0x6f,
  0x6e, 0x65, 0x64, 0x43, 0x61, 0x6c, 0x6c, 0x5f, 0x31, 0x3a, 0x30, 0x00,
  0x02, 0x00, 0x00, 0x00, 0x01, 0x00, 0x00, 0x00, 0x03, 0x00, 0x00, 0x00,
  0x5e, 0xd2, 0xff, 0xff, 0x00, 0x00, 0x00, 0x01, 0x18, 0x00, 0x00, 0x00,
  0x20, 0x00, 0x00, 0x00, 0x40, 0x00, 0x00, 0x00, 0x26, 0x00, 0x00, 0x00,
  0x00, 0x00, 0x00, 0x09, 0x88, 0x00, 0x00, 0x00, 0x02, 0x00, 0x00, 0x00,
  0xff, 0xff, 0xff, 0xff, 0x03, 0x00, 0x00, 0x00, 0x44, 0xd2, 0xff, 0xff,
  0x08, 0x00, 0x00, 0x00, 0x14, 0x00, 0x00, 0x00, 0x01, 0x00, 0x00, 0x00,
  0x21, 0x00, 0x00, 0x00, 0x00, 0x00, 0x00, 0x00, 0x00, 0x00, 0x00, 0x00,
  0x01, 0x00, 0x00, 0x00, 0x56, 0x20, 0x7e, 0x3d, 0x4e, 0x00, 0x00, 0x00,
  0x70, 0x72, 0x6f, 0x70, 0x6f, 0x73, 0x65, 0x64, 0x5f, 0x73, 0x65, 0x70,
  0x61, 0x72, 0x61, 0x62, 0x6c, 0x65, 0x5f, 0x63, 0x6e, 0x6e, 0x5f, 0x31,
  0x2f, 0x68, 0x65, 0x61, 0x64, 0x5f, 0x31, 0x2f, 0x4d, 0x61, 0x74, 0x4d,
  0x75, 0x6c, 0x3b, 0x70, 0x72, 0x6f, 0x70, 0x6f, 0x73, 0x65, 0x64, 0x5f,
  0x73, 0x65, 0x70, 0x61, 0x72, 0x61, 0x62, 0x6c, 0x65, 0x5f, 0x63, 0x6e,
  0x6e, 0x5f, 0x31, 0x2f, 0x68, 0x65, 0x61, 0x64, 0x5f, 0x31, 0x2f, 0x42,
  0x69, 0x61, 0x73, 0x41, 0x64, 0x64, 0x00, 0x00, 0x02, 0x00, 0x00, 0x00,
  0x01, 0x00, 0x00, 0x00, 0x03, 0x00, 0x00, 0x00, 0x0e, 0xd3, 0xff, 0xff,
  0x00, 0x00, 0x00, 0x01, 0x18, 0x00, 0x00, 0x00, 0x20, 0x00, 0x00, 0x00,
  0x3c, 0x00, 0x00, 0x00, 0x25, 0x00, 0x00, 0x00, 0x00, 0x00, 0x00, 0x09,
  0xb0, 0x00, 0x00, 0x00, 0x02, 0x00, 0x00, 0x00, 0xff, 0xff, 0xff, 0xff,
  0x20, 0x00, 0x00, 0x00, 0xf4, 0xd2, 0xff, 0xff, 0x08, 0x00, 0x00, 0x00,
  0x10, 0x00, 0x00, 0x00, 0x01, 0x00, 0x00, 0x00, 0x80, 0xff, 0xff, 0xff,
  0xff, 0xff, 0xff, 0xff, 0x01, 0x00, 0x00, 0x00, 0x77, 0xfd, 0x3d, 0x3c,
  0x79, 0x00, 0x00, 0x00, 0x70, 0x72, 0x6f, 0x70, 0x6f, 0x73, 0x65, 0x64,
  0x5f, 0x73, 0x65, 0x70, 0x61, 0x72, 0x61, 0x62, 0x6c, 0x65, 0x5f, 0x63,
  0x6e, 0x6e, 0x5f, 0x31, 0x2f, 0x64, 0x65, 0x6e, 0x73, 0x65, 0x31, 0x5f,
  0x31, 0x2f, 0x4d, 0x61, 0x74, 0x4d, 0x75, 0x6c, 0x3b, 0x70, 0x72, 0x6f,
  0x70, 0x6f, 0x73, 0x65, 0x64, 0x5f, 0x73, 0x65, 0x70, 0x61, 0x72, 0x61,
  0x62, 0x6c, 0x65, 0x5f, 0x63, 0x6e, 0x6e, 0x5f, 0x31, 0x2f, 0x64, 0x65,
  0x6e, 0x73, 0x65, 0x31, 0x5f, 0x31, 0x2f, 0x52, 0x65, 0x6c, 0x75, 0x3b,
  0x70, 0x72, 0x6f, 0x70, 0x6f, 0x73, 0x65, 0x64, 0x5f, 0x73, 0x65, 0x70,
  0x61, 0x72, 0x61, 0x62, 0x6c, 0x65, 0x5f, 0x63, 0x6e, 0x6e, 0x5f, 0x31,
  0x2f, 0x64, 0x65, 0x6e, 0x73, 0x65, 0x31, 0x5f, 0x31, 0x2f, 0x42, 0x69,
  0x61, 0x73, 0x41, 0x64, 0x64, 0x00, 0x00, 0x00, 0x02, 0x00, 0x00, 0x00,
  0x01, 0x00, 0x00, 0x00, 0x20, 0x00, 0x00, 0x00, 0xe6, 0xd3, 0xff, 0xff,
  0x00, 0x00, 0x00, 0x01, 0x18, 0x00, 0x00, 0x00, 0x20, 0x00, 0x00, 0x00,
  0x40, 0x00, 0x00, 0x00, 0x24, 0x00, 0x00, 0x00, 0x00, 0x00, 0x00, 0x09,
  0x5c, 0x00, 0x00, 0x00, 0x02, 0x00, 0x00, 0x00, 0xff, 0xff, 0xff, 0xff,
  0x40, 0x00, 0x00, 0x00, 0xcc, 0xd3, 0xff, 0xff, 0x08, 0x00, 0x00, 0x00,
  0x14, 0x00, 0x00, 0x00, 0x01, 0x00, 0x00, 0x00, 0x80, 0xff, 0xff, 0xff,
  0xff, 0xff, 0xff, 0xff, 0x00, 0x00, 0x00, 0x00, 0x01, 0x00, 0x00, 0x00,
  0x3b, 0xa0, 0xe8, 0x3b, 0x23, 0x00, 0x00, 0x00, 0x70, 0x72, 0x6f, 0x70,
  0x6f, 0x73, 0x65, 0x64, 0x5f, 0x73, 0x65, 0x70, 0x61, 0x72, 0x61, 0x62,
  0x6c, 0x65, 0x5f, 0x63, 0x6e, 0x6e, 0x5f, 0x31, 0x2f, 0x67, 0x61, 0x70,
  0x5f, 0x31, 0x2f, 0x4d, 0x65, 0x61, 0x6e, 0x00, 0x02, 0x00, 0x00, 0x00,
  0x01, 0x00, 0x00, 0x00, 0x40, 0x00, 0x00, 0x00, 0x6a, 0xd4, 0xff, 0xff,
  0x00, 0x00, 0x00, 0x01, 0x18, 0x00, 0x00, 0x00, 0x24, 0x00, 0x00, 0x00,
  0x40, 0x00, 0x00, 0x00, 0x23, 0x00, 0x00, 0x00, 0x00, 0x00, 0x00, 0x09,
  0x40, 0x01, 0x00, 0x00, 0x03, 0x00, 0x00, 0x00, 0xff, 0xff, 0xff, 0xff,
  0x19, 0x00, 0x00, 0x00, 0x40, 0x00, 0x00, 0x00, 0x54, 0xd4, 0xff, 0xff,
  0x08, 0x00, 0x00, 0x00, 0x10, 0x00, 0x00, 0x00, 0x01, 0x00, 0x00, 0x00,
  0x80, 0xff, 0xff, 0xff, 0xff, 0xff, 0xff, 0xff, 0x01, 0x00, 0x00, 0x00,
  0xb6, 0x3c, 0x4f, 0x3d, 0x05, 0x01, 0x00, 0x00, 0x70, 0x72, 0x6f, 0x70,
  0x6f, 0x73, 0x65, 0x64, 0x5f, 0x73, 0x65, 0x70, 0x61, 0x72, 0x61, 0x62,
  0x6c, 0x65, 0x5f, 0x63, 0x6e, 0x6e, 0x5f, 0x31, 0x2f, 0x72, 0x65, 0x6c,
  0x75, 0x33, 0x5f, 0x31, 0x2f, 0x52, 0x65, 0x6c, 0x75, 0x3b, 0x70, 0x72,
  0x6f, 0x70, 0x6f, 0x73, 0x65, 0x64, 0x5f, 0x73, 0x65, 0x70, 0x61, 0x72,
  0x61, 0x62, 0x6c, 0x65, 0x5f, 0x63, 0x6e, 0x6e, 0x5f, 0x31, 0x2f, 0x62,
  0x6e, 0x33, 0x5f, 0x31, 0x2f, 0x62, 0x61, 0x74, 0x63, 0x68, 0x6e, 0x6f,
  0x72, 0x6d, 0x2f, 0x61, 0x64, 0x64, 0x5f, 0x31, 0x3b, 0x70, 0x72, 0x6f,
  0x70, 0x6f, 0x73, 0x65, 0x64, 0x5f, 0x73, 0x65, 0x70, 0x61, 0x72, 0x61,
  0x62, 0x6c, 0x65, 0x5f, 0x63, 0x6e, 0x6e, 0x5f, 0x31, 0x2f, 0x73, 0x65,
  0x70, 0x32, 0x5f, 0x31, 0x2f, 0x53, 0x71, 0x75, 0x65, 0x65, 0x7a, 0x65,
  0x3b, 0x70, 0x72, 0x6f, 0x70, 0x6f, 0x73, 0x65, 0x64, 0x5f, 0x73, 0x65,
  0x70, 0x61, 0x72, 0x61, 0x62, 0x6c, 0x65, 0x5f, 0x63, 0x6e, 0x6e, 0x5f,
  0x31, 0x2f, 0x62, 0x6e, 0x33, 0x5f, 0x31, 0x2f, 0x62, 0x61, 0x74, 0x63,
  0x68, 0x6e, 0x6f, 0x72, 0x6d, 0x2f, 0x6d, 0x75, 0x6c, 0x5f, 0x31, 0x3b,
  0x70, 0x72, 0x6f, 0x70, 0x6f, 0x73, 0x65, 0x64, 0x5f, 0x73, 0x65, 0x70,
  0x61, 0x72, 0x61, 0x62, 0x6c, 0x65, 0x5f, 0x63, 0x6e, 0x6e, 0x5f, 0x31,
  0x2f, 0x62, 0x6e, 0x33, 0x5f, 0x31, 0x2f, 0x62, 0x61, 0x74, 0x63, 0x68,
  0x6e, 0x6f, 0x72, 0x6d, 0x2f, 0x6d, 0x75, 0x6c, 0x3b, 0x70, 0x72, 0x6f,
  0x70, 0x6f, 0x73, 0x65, 0x64, 0x5f, 0x73, 0x65, 0x70, 0x61, 0x72, 0x61,
  0x62, 0x6c, 0x65, 0x5f, 0x63, 0x6e, 0x6e, 0x5f, 0x31, 0x2f, 0x62, 0x6e,
  0x33, 0x5f, 0x31, 0x2f, 0x62, 0x61, 0x74, 0x63, 0x68, 0x6e, 0x6f, 0x72,
  0x6d, 0x2f, 0x73, 0x75, 0x62, 0x00, 0x00, 0x00, 0x03, 0x00, 0x00, 0x00,
  0x01, 0x00, 0x00, 0x00, 0x19, 0x00, 0x00, 0x00, 0x40, 0x00, 0x00, 0x00,
  0xd6, 0xd5, 0xff, 0xff, 0x00, 0x00, 0x00, 0x01, 0x18, 0x00, 0x00, 0x00,
  0x28, 0x00, 0x00, 0x00, 0x48, 0x00, 0x00, 0x00, 0x22, 0x00, 0x00, 0x00,
  0x00, 0x00, 0x00, 0x09, 0x78, 0x01, 0x00, 0x00, 0x04, 0x00, 0x00, 0x00,
  0xff, 0xff, 0xff, 0xff, 0x01, 0x00, 0x00, 0x00, 0x19, 0x00, 0x00, 0x00,
  0x40, 0x00, 0x00, 0x00, 0xc4, 0xd5, 0xff, 0xff, 0x08, 0x00, 0x00, 0x00,
  0x14, 0x00, 0x00, 0x00, 0x01, 0x00, 0x00, 0x00, 0x80, 0xff, 0xff, 0xff,
  0xff, 0xff, 0xff, 0xff, 0x00, 0x00, 0x00, 0x00, 0x01, 0x00, 0x00, 0x00,
  0xb6, 0x3c, 0x4f, 0x3d, 0x36, 0x01, 0x00, 0x00, 0x70, 0x72, 0x6f, 0x70,
  0x6f, 0x73, 0x65, 0x64, 0x5f, 0x73, 0x65, 0x70, 0x61, 0x72, 0x61, 0x62,
  0x6c, 0x65, 0x5f, 0x63, 0x6e, 0x6e, 0x5f, 0x31, 0x2f, 0x72, 0x65, 0x6c,
  0x75, 0x33, 0x5f, 0x31, 0x2f, 0x52, 0x65, 0x6c, 0x75, 0x3b, 0x70, 0x72,
  0x6f, 0x70, 0x6f, 0x73, 0x65, 0x64, 0x5f, 0x73, 0x65, 0x70, 0x61, 0x72,
  0x61, 0x62, 0x6c, 0x65, 0x5f, 0x63, 0x6e, 0x6e, 0x5f, 0x31, 0x2f, 0x62,
  0x6e, 0x33, 0x5f, 0x31, 0x2f, 0x62, 0x61, 0x74, 0x63, 0x68, 0x6e, 0x6f,
  0x72, 0x6d, 0x2f, 0x61, 0x64, 0x64, 0x5f, 0x31, 0x3b, 0x70, 0x72, 0x6f,
  0x70, 0x6f, 0x73, 0x65, 0x64, 0x5f, 0x73, 0x65, 0x70, 0x61, 0x72, 0x61,
  0x62, 0x6c, 0x65, 0x5f, 0x63, 0x6e, 0x6e, 0x5f, 0x31, 0x2f, 0x73, 0x65,
  0x70, 0x32, 0x5f, 0x31, 0x2f, 0x53, 0x71, 0x75, 0x65, 0x65, 0x7a, 0x65,
  0x3b, 0x70, 0x72, 0x6f, 0x70, 0x6f, 0x73, 0x65, 0x64, 0x5f, 0x73, 0x65,
  0x70, 0x61, 0x72, 0x61, 0x62, 0x6c, 0x65, 0x5f, 0x63, 0x6e, 0x6e, 0x5f,
  0x31, 0x2f, 0x62, 0x6e, 0x33, 0x5f, 0x31, 0x2f, 0x62, 0x61, 0x74, 0x63,
  0x68, 0x6e, 0x6f, 0x72, 0x6d, 0x2f, 0x6d, 0x75, 0x6c, 0x5f, 0x31, 0x3b,
  0x70, 0x72, 0x6f, 0x70, 0x6f, 0x73, 0x65, 0x64, 0x5f, 0x73, 0x65, 0x70,
  0x61, 0x72, 0x61, 0x62, 0x6c, 0x65, 0x5f, 0x63, 0x6e, 0x6e, 0x5f, 0x31,
  0x2f, 0x62, 0x6e, 0x33, 0x5f, 0x31, 0x2f, 0x62, 0x61, 0x74, 0x63, 0x68,
  0x6e, 0x6f, 0x72, 0x6d, 0x2f, 0x6d, 0x75, 0x6c, 0x3b, 0x70, 0x72, 0x6f,
  0x70, 0x6f, 0x73, 0x65, 0x64, 0x5f, 0x73, 0x65, 0x70, 0x61, 0x72, 0x61,
  0x62, 0x6c, 0x65, 0x5f, 0x63, 0x6e, 0x6e, 0x5f, 0x31, 0x2f, 0x62, 0x6e,
  0x33, 0x5f, 0x31, 0x2f, 0x62, 0x61, 0x74, 0x63, 0x68, 0x6e, 0x6f, 0x72,
  0x6d, 0x2f, 0x73, 0x75, 0x62, 0x3b, 0x70, 0x72, 0x6f, 0x70, 0x6f, 0x73,
  0x65, 0x64, 0x5f, 0x73, 0x65, 0x70, 0x61, 0x72, 0x61, 0x62, 0x6c, 0x65,
  0x5f, 0x63, 0x6e, 0x6e, 0x5f, 0x31, 0x2f, 0x73, 0x65, 0x70, 0x32, 0x5f,
  0x31, 0x2f, 0x73, 0x65, 0x70, 0x61, 0x72, 0x61, 0x62, 0x6c, 0x65, 0x5f,
  0x63, 0x6f, 0x6e, 0x76, 0x32, 0x64, 0x00, 0x00, 0x04, 0x00, 0x00, 0x00,
  0x01, 0x00, 0x00, 0x00, 0x01, 0x00, 0x00, 0x00, 0x19, 0x00, 0x00, 0x00,
  0x40, 0x00, 0x00, 0x00, 0x7e, 0xd7, 0xff, 0xff, 0x00, 0x00, 0x00, 0x01,
  0x18, 0x00, 0x00, 0x00, 0x28, 0x00, 0x00, 0x00, 0x44, 0x00, 0x00, 0x00,
  0x21, 0x00, 0x00, 0x00, 0x00, 0x00, 0x00, 0x09, 0x78, 0x00, 0x00, 0x00,
  0x04, 0x00, 0x00, 0x00, 0xff, 0xff, 0xff, 0xff, 0x01, 0x00, 0x00, 0x00,
  0x19, 0x00, 0x00, 0x00, 0x30, 0x00, 0x00, 0x00, 0x6c, 0xd7, 0xff, 0xff,
  0x08, 0x00, 0x00, 0x00, 0x10, 0x00, 0x00, 0x00, 0x01, 0x00, 0x00, 0x00,
  0x04, 0x00, 0x00, 0x00, 0x00, 0x00, 0x00, 0x00, 0x01, 0x00, 0x00, 0x00,
  0xdf, 0xb7, 0x8d, 0x3c, 0x3a, 0x00, 0x00, 0x00, 0x70, 0x72, 0x6f, 0x70,
  0x6f, 0x73, 0x65, 0x64, 0x5f, 0x73, 0x65, 0x70, 0x61, 0x72, 0x61, 0x62,
  0x6c, 0x65, 0x5f, 0x63, 0x6e, 0x6e, 0x5f, 0x31, 0x2f, 0x73, 0x65, 0x70,
  0x32, 0x5f, 0x31, 0x2f, 0x73, 0x65, 0x70, 0x61, 0x72, 0x61, 0x62, 0x6c,
  0x65, 0x5f, 0x63, 0x6f, 0x6e, 0x76, 0x32, 0x64, 0x2f, 0x64, 0x65, 0x70,
  0x74, 0x68, 0x77, 0x69, 0x73, 0x65, 0x00, 0x00, 0x04, 0x00, 0x00, 0x00,
  0x01, 0x00, 0x00, 0x00, 0x01, 0x00, 0x00, 0x00, 0x19, 0x00, 0x00, 0x00,
  0x30, 0x00, 0x00, 0x00, 0x26, 0xd8, 0xff, 0xff, 0x00, 0x00, 0x00, 0x01,
  0x18, 0x00, 0x00, 0x00, 0x28, 0x00, 0x00, 0x00, 0x48, 0x00, 0x00, 0x00,
  0x20, 0x00, 0x00, 0x00, 0x00, 0x00, 0x00, 0x09, 0x6c, 0x00, 0x00, 0x00,
  0x04, 0x00, 0x00, 0x00, 0xff, 0xff, 0xff, 0xff, 0x01, 0x00, 0x00, 0x00,
  0x19, 0x00, 0x00, 0x00, 0x30, 0x00, 0x00, 0x00, 0x14, 0xd8, 0xff, 0xff,
  0x08, 0x00, 0x00, 0x00, 0x14, 0x00, 0x00, 0x00, 0x01, 0x00, 0x00, 0x00,
  0x80, 0xff, 0xff, 0xff, 0xff, 0xff, 0xff, 0xff, 0x00, 0x00, 0x00, 0x00,
  0x01, 0x00, 0x00, 0x00, 0xa4, 0x3b, 0x15, 0x3d, 0x2a, 0x00, 0x00, 0x00,
  0x70, 0x72, 0x6f, 0x70, 0x6f, 0x73, 0x65, 0x64, 0x5f, 0x73, 0x65, 0x70,
  0x61, 0x72, 0x61, 0x62, 0x6c, 0x65, 0x5f, 0x63, 0x6e, 0x6e, 0x5f, 0x31,
  0x2f, 0x73, 0x65, 0x70, 0x32, 0x5f, 0x31, 0x2f, 0x45, 0x78, 0x70, 0x61,
  0x6e, 0x64, 0x44, 0x69, 0x6d, 0x73, 0x00, 0x00, 0x04, 0x00, 0x00, 0x00,
  0x01, 0x00, 0x00, 0x00, 0x01, 0x00, 0x00, 0x00, 0x19, 0x00, 0x00, 0x00,
  0x30, 0x00, 0x00, 0x00, 0xc2, 0xd8, 0xff, 0xff, 0x00, 0x00, 0x00, 0x01,
  0x18, 0x00, 0x00, 0x00, 0x24, 0x00, 0x00, 0x00, 0x44, 0x00, 0x00, 0x00,
  0x1f, 0x00, 0x00, 0x00, 0x00, 0x00, 0x00, 0x09, 0x70, 0x00, 0x00, 0x00,
  0x03, 0x00, 0x00, 0x00, 0xff, 0xff, 0xff, 0xff, 0x19, 0x00, 0x00, 0x00,
  0x30, 0x00, 0x00, 0x00, 0xac, 0xd8, 0xff, 0xff, 0x08, 0x00, 0x00, 0x00,
  0x14, 0x00, 0x00, 0x00, 0x01, 0x00, 0x00, 0x00, 0x80, 0xff, 0xff, 0xff,
  0xff, 0xff, 0xff, 0xff, 0x00, 0x00, 0x00, 0x00, 0x01, 0x00, 0x00, 0x00,
  0xa4, 0x3b, 0x15, 0x3d, 0x32, 0x00, 0x00, 0x00, 0x70, 0x72, 0x6f, 0x70,
  0x6f, 0x73, 0x65, 0x64, 0x5f, 0x73, 0x65, 0x70, 0x61, 0x72, 0x61, 0x62,
  0x6c, 0x65, 0x5f, 0x63, 0x6e, 0x6e, 0x5f, 0x31, 0x2f, 0x70, 0x6f, 0x6f,
  0x6c, 0x31, 0x5f, 0x31, 0x2f, 0x4d, 0x61, 0x78, 0x50, 0x6f, 0x6f, 0x6c,
  0x31, 0x64, 0x2f, 0x53, 0x71, 0x75, 0x65, 0x65, 0x7a, 0x65, 0x00, 0x00,
  0x03, 0x00, 0x00, 0x00, 0x01, 0x00, 0x00, 0x00, 0x19, 0x00, 0x00, 0x00,
  0x30, 0x00, 0x00, 0x00, 0x5e, 0xd9, 0xff, 0xff, 0x00, 0x00, 0x00, 0x01,
  0x18, 0x00, 0x00, 0x00, 0x28, 0x00, 0x00, 0x00, 0x44, 0x00, 0x00, 0x00,
  0x1e, 0x00, 0x00, 0x00, 0x00, 0x00, 0x00, 0x09, 0x68, 0x00, 0x00, 0x00,
  0x04, 0x00, 0x00, 0x00, 0xff, 0xff, 0xff, 0xff, 0x01, 0x00, 0x00, 0x00,
  0x19, 0x00, 0x00, 0x00, 0x30, 0x00, 0x00, 0x00, 0x4c, 0xd9, 0xff, 0xff,
  0x08, 0x00, 0x00, 0x00, 0x10, 0x00, 0x00, 0x00, 0x01, 0x00, 0x00, 0x00,
  0x80, 0xff, 0xff, 0xff, 0xff, 0xff, 0xff, 0xff, 0x01, 0x00, 0x00, 0x00,
  0xa4, 0x3b, 0x15, 0x3d, 0x2a, 0x00, 0x00, 0x00, 0x70, 0x72, 0x6f, 0x70,
  0x6f, 0x73, 0x65, 0x64, 0x5f, 0x73, 0x65, 0x70, 0x61, 0x72, 0x61, 0x62,
  0x6c, 0x65, 0x5f, 0x63, 0x6e, 0x6e, 0x5f, 0x31, 0x2f, 0x70, 0x6f, 0x6f,
  0x6c, 0x31, 0x5f, 0x31, 0x2f, 0x4d, 0x61, 0x78, 0x50, 0x6f, 0x6f, 0x6c,
  0x31, 0x64, 0x00, 0x00, 0x04, 0x00, 0x00, 0x00, 0x01, 0x00, 0x00, 0x00,
  0x01, 0x00, 0x00, 0x00, 0x19, 0x00, 0x00, 0x00, 0x30, 0x00, 0x00, 0x00,
  0xf6, 0xd9, 0xff, 0xff, 0x00, 0x00, 0x00, 0x01, 0x18, 0x00, 0x00, 0x00,
  0x28, 0x00, 0x00, 0x00, 0x44, 0x00, 0x00, 0x00, 0x1d, 0x00, 0x00, 0x00,
  0x00, 0x00, 0x00, 0x09, 0x74, 0x00, 0x00, 0x00, 0x04, 0x00, 0x00, 0x00,
  0xff, 0xff, 0xff, 0xff, 0x01, 0x00, 0x00, 0x00, 0x32, 0x00, 0x00, 0x00,
  0x30, 0x00, 0x00, 0x00, 0xe4, 0xd9, 0xff, 0xff, 0x08, 0x00, 0x00, 0x00,
  0x10, 0x00, 0x00, 0x00, 0x01, 0x00, 0x00, 0x00, 0x80, 0xff, 0xff, 0xff,
  0xff, 0xff, 0xff, 0xff, 0x01, 0x00, 0x00, 0x00, 0xa4, 0x3b, 0x15, 0x3d,
  0x35, 0x00, 0x00, 0x00, 0x70, 0x72, 0x6f, 0x70, 0x6f, 0x73, 0x65, 0x64,
  0x5f, 0x73, 0x65, 0x70, 0x61, 0x72, 0x61, 0x62, 0x6c, 0x65, 0x5f, 0x63,
  0x6e, 0x6e, 0x5f, 0x31, 0x2f, 0x70, 0x6f, 0x6f, 0x6c, 0x31, 0x5f, 0x31,
  0x2f, 0x4d, 0x61, 0x78, 0x50, 0x6f, 0x6f, 0x6c, 0x31, 0x64, 0x2f, 0x45,
  0x78, 0x70, 0x61, 0x6e, 0x64, 0x44, 0x69, 0x6d, 0x73, 0x00, 0x00, 0x00,
  0x04, 0x00, 0x00, 0x00, 0x01, 0x00, 0x00, 0x00, 0x01, 0x00, 0x00, 0x00,
  0x32, 0x00, 0x00, 0x00, 0x30, 0x00, 0x00, 0x00, 0x9a, 0xda, 0xff, 0xff,
  0x00, 0x00, 0x00, 0x01, 0x18, 0x00, 0x00, 0x00, 0x24, 0x00, 0x00, 0x00,
  0x40, 0x00, 0x00, 0x00, 0x1c, 0x00, 0x00, 0x00, 0x00, 0x00, 0x00, 0x09,
  0x40, 0x01, 0x00, 0x00, 0x03, 0x00, 0x00, 0x00, 0xff, 0xff, 0xff, 0xff,
  0x32, 0x00, 0x00, 0x00, 0x30, 0x00, 0x00, 0x00, 0x84, 0xda, 0xff, 0xff,
  0x08, 0x00, 0x00, 0x00, 0x10, 0x00, 0x00, 0x00, 0x01, 0x00, 0x00, 0x00,
  0x80, 0xff, 0xff, 0xff, 0xff, 0xff, 0xff, 0xff, 0x01, 0x00, 0x00, 0x00,
  0xa4, 0x3b, 0x15, 0x3d, 0x05, 0x01, 0x00, 0x00, 0x70, 0x72, 0x6f, 0x70,
  0x6f, 0x73, 0x65, 0x64, 0x5f, 0x73, 0x65, 0x70, 0x61, 0x72, 0x61, 0x62,
  0x6c, 0x65, 0x5f, 0x63, 0x6e, 0x6e, 0x5f, 0x31, 0x2f, 0x72, 0x65, 0x6c,
  0x75, 0x32, 0x5f, 0x31, 0x2f, 0x52, 0x65, 0x6c, 0x75, 0x3b, 0x70, 0x72,
  0x6f, 0x70, 0x6f, 0x73, 0x65, 0x64, 0x5f, 0x73, 0x65, 0x70, 0x61, 0x72,
  0x61, 0x62, 0x6c, 0x65, 0x5f, 0x63, 0x6e, 0x6e, 0x5f, 0x31, 0x2f, 0x62,
  0x6e, 0x32, 0x5f, 0x31, 0x2f, 0x62, 0x61, 0x74, 0x63, 0x68, 0x6e, 0x6f,
  0x72, 0x6d, 0x2f, 0x61, 0x64, 0x64, 0x5f, 0x31, 0x3b, 0x70, 0x72, 0x6f,
  0x70, 0x6f, 0x73, 0x65, 0x64, 0x5f, 0x73, 0x65, 0x70, 0x61, 0x72, 0x61,
  0x62, 0x6c, 0x65, 0x5f, 0x63, 0x6e, 0x6e, 0x5f, 0x31, 0x2f, 0x73, 0x65,
  0x70, 0x31, 0x5f, 0x31, 0x2f, 0x53, 0x71, 0x75, 0x65, 0x65, 0x7a, 0x65,
  0x3b, 0x70, 0x72, 0x6f, 0x70, 0x6f, 0x73, 0x65, 0x64, 0x5f, 0x73, 0x65,
  0x70, 0x61, 0x72, 0x61, 0x62, 0x6c, 0x65, 0x5f, 0x63, 0x6e, 0x6e, 0x5f,
  0x31, 0x2f, 0x62, 0x6e, 0x32, 0x5f, 0x31, 0x2f, 0x62, 0x61, 0x74, 0x63,
  0x68, 0x6e, 0x6f, 0x72, 0x6d, 0x2f, 0x6d, 0x75, 0x6c, 0x5f, 0x31, 0x3b,
  0x70, 0x72, 0x6f, 0x70, 0x6f, 0x73, 0x65, 0x64, 0x5f, 0x73, 0x65, 0x70,
  0x61, 0x72, 0x61, 0x62, 0x6c, 0x65, 0x5f, 0x63, 0x6e, 0x6e, 0x5f, 0x31,
  0x2f, 0x62, 0x6e, 0x32, 0x5f, 0x31, 0x2f, 0x62, 0x61, 0x74, 0x63, 0x68,
  0x6e, 0x6f, 0x72, 0x6d, 0x2f, 0x6d, 0x75, 0x6c, 0x3b, 0x70, 0x72, 0x6f,
  0x70, 0x6f, 0x73, 0x65, 0x64, 0x5f, 0x73, 0x65, 0x70, 0x61, 0x72, 0x61,
  0x62, 0x6c, 0x65, 0x5f, 0x63, 0x6e, 0x6e, 0x5f, 0x31, 0x2f, 0x62, 0x6e,
  0x32, 0x5f, 0x31, 0x2f, 0x62, 0x61, 0x74, 0x63, 0x68, 0x6e, 0x6f, 0x72,
  0x6d, 0x2f, 0x73, 0x75, 0x62, 0x00, 0x00, 0x00, 0x03, 0x00, 0x00, 0x00,
  0x01, 0x00, 0x00, 0x00, 0x32, 0x00, 0x00, 0x00, 0x30, 0x00, 0x00, 0x00,
  0x06, 0xdc, 0xff, 0xff, 0x00, 0x00, 0x00, 0x01, 0x18, 0x00, 0x00, 0x00,
  0x28, 0x00, 0x00, 0x00, 0x48, 0x00, 0x00, 0x00, 0x1b, 0x00, 0x00, 0x00,
  0x00, 0x00, 0x00, 0x09, 0x78, 0x01, 0x00, 0x00, 0x04, 0x00, 0x00, 0x00,
  0xff, 0xff, 0xff, 0xff, 0x01, 0x00, 0x00, 0x00, 0x32, 0x00, 0x00, 0x00,
  0x30, 0x00, 0x00, 0x00, 0xf4, 0xdb, 0xff, 0xff, 0x08, 0x00, 0x00, 0x00,
  0x14, 0x00, 0x00, 0x00, 0x01, 0x00, 0x00, 0x00, 0x80, 0xff, 0xff, 0xff,
  0xff, 0xff, 0xff, 0xff, 0x00, 0x00, 0x00, 0x00, 0x01, 0x00, 0x00, 0x00,
  0xa4, 0x3b, 0x15, 0x3d, 0x36, 0x01, 0x00, 0x00, 0x70, 0x72, 0x6f, 0x70,
  0x6f, 0x73, 0x65, 0x64, 0x5f, 0x73, 0x65, 0x70, 0x61, 0x72, 0x61, 0x62,
  0x6c, 0x65, 0x5f, 0x63, 0x6e, 0x6e, 0x5f, 0x31, 0x2f, 0x72, 0x65, 0x6c,
  0x75, 0x32, 0x5f, 0x31, 0x2f, 0x52, 0x65, 0x6c, 0x75, 0x3b, 0x70, 0x72,
  0x6f, 0x70, 0x6f, 0x73, 0x65, 0x64, 0x5f, 0x73, 0x65, 0x70, 0x61, 0x72,
  0x61, 0x62, 0x6c, 0x65, 0x5f, 0x63, 0x6e, 0x6e, 0x5f, 0x31, 0x2f, 0x62,
  0x6e, 0x32, 0x5f, 0x31, 0x2f, 0x62, 0x61, 0x74, 0x63, 0x68, 0x6e, 0x6f,
  0x72, 0x6d, 0x2f, 0x61, 0x64, 0x64, 0x5f, 0x31, 0x3b, 0x70, 0x72, 0x6f,
  0x70, 0x6f, 0x73, 0x65, 0x64, 0x5f, 0x73, 0x65, 0x70, 0x61, 0x72, 0x61,
  0x62, 0x6c, 0x65, 0x5f, 0x63, 0x6e, 0x6e, 0x5f, 0x31, 0x2f, 0x73, 0x65,
  0x70, 0x31, 0x5f, 0x31, 0x2f, 0x53, 0x71, 0x75, 0x65, 0x65, 0x7a, 0x65,
  0x3b, 0x70, 0x72, 0x6f, 0x70, 0x6f, 0x73, 0x65, 0x64, 0x5f, 0x73, 0x65,
  0x70, 0x61, 0x72, 0x61, 0x62, 0x6c, 0x65, 0x5f, 0x63, 0x6e, 0x6e, 0x5f,
  0x31, 0x2f, 0x62, 0x6e, 0x32, 0x5f, 0x31, 0x2f, 0x62, 0x61, 0x74, 0x63,
  0x68, 0x6e, 0x6f, 0x72, 0x6d, 0x2f, 0x6d, 0x75, 0x6c, 0x5f, 0x31, 0x3b,
  0x70, 0x72, 0x6f, 0x70, 0x6f, 0x73, 0x65, 0x64, 0x5f, 0x73, 0x65, 0x70,
  0x61, 0x72, 0x61, 0x62, 0x6c, 0x65, 0x5f, 0x63, 0x6e, 0x6e, 0x5f, 0x31,
  0x2f, 0x62, 0x6e, 0x32, 0x5f, 0x31, 0x2f, 0x62, 0x61, 0x74, 0x63, 0x68,
  0x6e, 0x6f, 0x72, 0x6d, 0x2f, 0x6d, 0x75, 0x6c, 0x3b, 0x70, 0x72, 0x6f,
  0x70, 0x6f, 0x73, 0x65, 0x64, 0x5f, 0x73, 0x65, 0x70, 0x61, 0x72, 0x61,
  0x62, 0x6c, 0x65, 0x5f, 0x63, 0x6e, 0x6e, 0x5f, 0x31, 0x2f, 0x62, 0x6e,
  0x32, 0x5f, 0x31, 0x2f, 0x62, 0x61, 0x74, 0x63, 0x68, 0x6e, 0x6f, 0x72,
  0x6d, 0x2f, 0x73, 0x75, 0x62, 0x3b, 0x70, 0x72, 0x6f, 0x70, 0x6f, 0x73,
  0x65, 0x64, 0x5f, 0x73, 0x65, 0x70, 0x61, 0x72, 0x61, 0x62, 0x6c, 0x65,
  0x5f, 0x63, 0x6e, 0x6e, 0x5f, 0x31, 0x2f, 0x73, 0x65, 0x70, 0x31, 0x5f,
  0x31, 0x2f, 0x73, 0x65, 0x70, 0x61, 0x72, 0x61, 0x62, 0x6c, 0x65, 0x5f,
  0x63, 0x6f, 0x6e, 0x76, 0x32, 0x64, 0x00, 0x00, 0x04, 0x00, 0x00, 0x00,
  0x01, 0x00, 0x00, 0x00, 0x01, 0x00, 0x00, 0x00, 0x32, 0x00, 0x00, 0x00,
  0x30, 0x00, 0x00, 0x00, 0xae, 0xdd, 0xff, 0xff, 0x00, 0x00, 0x00, 0x01,
  0x18, 0x00, 0x00, 0x00, 0x28, 0x00, 0x00, 0x00, 0x44, 0x00, 0x00, 0x00,
  0x1a, 0x00, 0x00, 0x00, 0x00, 0x00, 0x00, 0x09, 0x78, 0x00, 0x00, 0x00,
  0x04, 0x00, 0x00, 0x00, 0xff, 0xff, 0xff, 0xff, 0x01, 0x00, 0x00, 0x00,
  0x32, 0x00, 0x00, 0x00, 0x18, 0x00, 0x00, 0x00, 0x9c, 0xdd, 0xff, 0xff,
  0x08, 0x00, 0x00, 0x00, 0x10, 0x00, 0x00, 0x00, 0x01, 0x00, 0x00, 0x00,
  0xf5, 0xff, 0xff, 0xff, 0xff, 0xff, 0xff, 0xff, 0x01, 0x00, 0x00, 0x00,
  0xa9, 0x64, 0xb6, 0x3c, 0x3a, 0x00, 0x00, 0x00, 0x70, 0x72, 0x6f, 0x70,
  0x6f, 0x73, 0x65, 0x64, 0x5f, 0x73, 0x65, 0x70, 0x61, 0x72, 0x61, 0x62,
  0x6c, 0x65, 0x5f, 0x63, 0x6e, 0x6e, 0x5f, 0x31, 0x2f, 0x73, 0x65, 0x70,
  0x31, 0x5f, 0x31, 0x2f, 0x73, 0x65, 0x70, 0x61, 0x72, 0x61, 0x62, 0x6c,
  0x65, 0x5f, 0x63, 0x6f, 0x6e, 0x76, 0x32, 0x64, 0x2f, 0x64, 0x65, 0x70,
  0x74, 0x68, 0x77, 0x69, 0x73, 0x65, 0x00, 0x00, 0x04, 0x00, 0x00, 0x00,
  0x01, 0x00, 0x00, 0x00, 0x01, 0x00, 0x00, 0x00, 0x32, 0x00, 0x00, 0x00,
  0x18, 0x00, 0x00, 0x00, 0x56, 0xde, 0xff, 0xff, 0x00, 0x00, 0x00, 0x01,
  0x18, 0x00, 0x00, 0x00, 0x28, 0x00, 0x00, 0x00, 0x48, 0x00, 0x00, 0x00,
  0x19, 0x00, 0x00, 0x00, 0x00, 0x00, 0x00, 0x09, 0x6c, 0x00, 0x00, 0x00,
  0x04, 0x00, 0x00, 0x00, 0xff, 0xff, 0xff, 0xff, 0x01, 0x00, 0x00, 0x00,
  0x32, 0x00, 0x00, 0x00, 0x18, 0x00, 0x00, 0x00, 0x44, 0xde, 0xff, 0xff,
  0x08, 0x00, 0x00, 0x00, 0x14, 0x00, 0x00, 0x00, 0x01, 0x00, 0x00, 0x00,
  0x80, 0xff, 0xff, 0xff, 0xff, 0xff, 0xff, 0xff, 0x00, 0x00, 0x00, 0x00,
  0x01, 0x00, 0x00, 0x00, 0xec, 0xc3, 0x1f, 0x3d, 0x2a, 0x00, 0x00, 0x00,
  0x70, 0x72, 0x6f, 0x70, 0x6f, 0x73, 0x65, 0x64, 0x5f, 0x73, 0x65, 0x70,
  0x61, 0x72, 0x61, 0x62, 0x6c, 0x65, 0x5f, 0x63, 0x6e, 0x6e, 0x5f, 0x31,
  0x2f, 0x73, 0x65, 0x70, 0x31, 0x5f, 0x31, 0x2f, 0x45, 0x78, 0x70, 0x61,
  0x6e, 0x64, 0x44, 0x69, 0x6d, 0x73, 0x00, 0x00, 0x04, 0x00, 0x00, 0x00,
  0x01, 0x00, 0x00, 0x00, 0x01, 0x00, 0x00, 0x00, 0x32, 0x00, 0x00, 0x00,
  0x18, 0x00, 0x00, 0x00, 0xf2, 0xde, 0xff, 0xff, 0x00, 0x00, 0x00, 0x01,
  0x18, 0x00, 0x00, 0x00, 0x24, 0x00, 0x00, 0x00, 0x44, 0x00, 0x00, 0x00,
  0x18, 0x00, 0x00, 0x00, 0x00, 0x00, 0x00, 0x09, 0x50, 0x01, 0x00, 0x00,
  0x03, 0x00, 0x00, 0x00, 0xff, 0xff, 0xff, 0xff, 0x32, 0x00, 0x00, 0x00,
  0x18, 0x00, 0x00, 0x00, 0xdc, 0xde, 0xff, 0xff, 0x08, 0x00, 0x00, 0x00,
  0x14, 0x00, 0x00, 0x00, 0x01, 0x00, 0x00, 0x00, 0x80, 0xff, 0xff, 0xff,
  0xff, 0xff, 0xff, 0xff, 0x00, 0x00, 0x00, 0x00, 0x01, 0x00, 0x00, 0x00,
  0xec, 0xc3, 0x1f, 0x3d, 0x12, 0x01, 0x00, 0x00, 0x70, 0x72, 0x6f, 0x70,
  0x6f, 0x73, 0x65, 0x64, 0x5f, 0x73, 0x65, 0x70, 0x61, 0x72, 0x61, 0x62,
  0x6c, 0x65, 0x5f, 0x63, 0x6e, 0x6e, 0x5f, 0x31, 0x2f, 0x72, 0x65, 0x6c,
  0x75, 0x31, 0x5f, 0x31, 0x2f, 0x52, 0x65, 0x6c, 0x75, 0x3b, 0x70, 0x72,
  0x6f, 0x70, 0x6f, 0x73, 0x65, 0x64, 0x5f, 0x73, 0x65, 0x70, 0x61, 0x72,
  0x61, 0x62, 0x6c, 0x65, 0x5f, 0x63, 0x6e, 0x6e, 0x5f, 0x31, 0x2f, 0x62,
  0x6e, 0x31, 0x5f, 0x31, 0x2f, 0x62, 0x61, 0x74, 0x63, 0x68, 0x6e, 0x6f,
  0x72, 0x6d, 0x2f, 0x61, 0x64, 0x64, 0x5f, 0x31, 0x3b, 0x70, 0x72, 0x6f,
  0x70, 0x6f, 0x73, 0x65, 0x64, 0x5f, 0x73, 0x65, 0x70, 0x61, 0x72, 0x61,
  0x62, 0x6c, 0x65, 0x5f, 0x63, 0x6e, 0x6e, 0x5f, 0x31, 0x2f, 0x63, 0x6f,
  0x6e, 0x76, 0x31, 0x5f, 0x31, 0x2f, 0x63, 0x6f, 0x6e, 0x76, 0x6f, 0x6c,
  0x75, 0x74, 0x69, 0x6f, 0x6e, 0x2f, 0x53, 0x71, 0x75, 0x65, 0x65, 0x7a,
  0x65, 0x3b, 0x70, 0x72, 0x6f, 0x70, 0x6f, 0x73, 0x65, 0x64, 0x5f, 0x73,
  0x65, 0x70, 0x61, 0x72, 0x61, 0x62, 0x6c, 0x65, 0x5f, 0x63, 0x6e, 0x6e,
  0x5f, 0x31, 0x2f, 0x62, 0x6e, 0x31, 0x5f, 0x31, 0x2f, 0x62, 0x61, 0x74,
  0x63, 0x68, 0x6e, 0x6f, 0x72, 0x6d, 0x2f, 0x6d, 0x75, 0x6c, 0x5f, 0x31,
  0x3b, 0x70, 0x72, 0x6f, 0x70, 0x6f, 0x73, 0x65, 0x64, 0x5f, 0x73, 0x65,
  0x70, 0x61, 0x72, 0x61, 0x62, 0x6c, 0x65, 0x5f, 0x63, 0x6e, 0x6e, 0x5f,
  0x31, 0x2f, 0x62, 0x6e, 0x31, 0x5f, 0x31, 0x2f, 0x62, 0x61, 0x74, 0x63,
  0x68, 0x6e, 0x6f, 0x72, 0x6d, 0x2f, 0x6d, 0x75, 0x6c, 0x3b, 0x70, 0x72,
  0x6f, 0x70, 0x6f, 0x73, 0x65, 0x64, 0x5f, 0x73, 0x65, 0x70, 0x61, 0x72,
  0x61, 0x62, 0x6c, 0x65, 0x5f, 0x63, 0x6e, 0x6e, 0x5f, 0x31, 0x2f, 0x62,
  0x6e, 0x31, 0x5f, 0x31, 0x2f, 0x62, 0x61, 0x74, 0x63, 0x68, 0x6e, 0x6f,
  0x72, 0x6d, 0x2f, 0x73, 0x75, 0x62, 0x00, 0x00, 0x03, 0x00, 0x00, 0x00,
  0x01, 0x00, 0x00, 0x00, 0x32, 0x00, 0x00, 0x00, 0x18, 0x00, 0x00, 0x00,
  0x6e, 0xe0, 0xff, 0xff, 0x00, 0x00, 0x00, 0x01, 0x18, 0x00, 0x00, 0x00,
  0x28, 0x00, 0x00, 0x00, 0x48, 0x00, 0x00, 0x00, 0x17, 0x00, 0x00, 0x00,
  0x00, 0x00, 0x00, 0x09, 0x80, 0x01, 0x00, 0x00, 0x04, 0x00, 0x00, 0x00,
  0xff, 0xff, 0xff, 0xff, 0x01, 0x00, 0x00, 0x00, 0x32, 0x00, 0x00, 0x00,
  0x18, 0x00, 0x00, 0x00, 0x5c, 0xe0, 0xff, 0xff, 0x08, 0x00, 0x00, 0x00,
  0x14, 0x00, 0x00, 0x00, 0x01, 0x00, 0x00, 0x00, 0x80, 0xff, 0xff, 0xff,
  0xff, 0xff, 0xff, 0xff, 0x00, 0x00, 0x00, 0x00, 0x01, 0x00, 0x00, 0x00,
  0xec, 0xc3, 0x1f, 0x3d, 0x3f, 0x01, 0x00, 0x00, 0x70, 0x72, 0x6f, 0x70,
  0x6f, 0x73, 0x65, 0x64, 0x5f, 0x73, 0x65, 0x70, 0x61, 0x72, 0x61, 0x62,
  0x6c, 0x65, 0x5f, 0x63, 0x6e, 0x6e, 0x5f, 0x31, 0x2f, 0x72, 0x65, 0x6c,
  0x75, 0x31, 0x5f, 0x31, 0x2f, 0x52, 0x65, 0x6c, 0x75, 0x3b, 0x70, 0x72,
  0x6f, 0x70, 0x6f, 0x73, 0x65, 0x64, 0x5f, 0x73, 0x65, 0x70, 0x61, 0x72,
  0x61, 0x62, 0x6c, 0x65, 0x5f, 0x63, 0x6e, 0x6e, 0x5f, 0x31, 0x2f, 0x62,
  0x6e, 0x31, 0x5f, 0x31, 0x2f, 0x62, 0x61, 0x74, 0x63, 0x68, 0x6e, 0x6f,
  0x72, 0x6d, 0x2f, 0x61, 0x64, 0x64, 0x5f, 0x31, 0x3b, 0x70, 0x72, 0x6f,
  0x70, 0x6f, 0x73, 0x65, 0x64, 0x5f, 0x73, 0x65, 0x70, 0x61, 0x72, 0x61,
  0x62, 0x6c, 0x65, 0x5f, 0x63, 0x6e, 0x6e, 0x5f, 0x31, 0x2f, 0x63, 0x6f,
  0x6e, 0x76, 0x31, 0x5f, 0x31, 0x2f, 0x63, 0x6f, 0x6e, 0x76, 0x6f, 0x6c,
  0x75, 0x74, 0x69, 0x6f, 0x6e, 0x2f, 0x53, 0x71, 0x75, 0x65, 0x65, 0x7a,
  0x65, 0x3b, 0x70, 0x72, 0x6f, 0x70, 0x6f, 0x73, 0x65, 0x64, 0x5f, 0x73,
  0x65, 0x70, 0x61, 0x72, 0x61, 0x62, 0x6c, 0x65, 0x5f, 0x63, 0x6e, 0x6e,
  0x5f, 0x31, 0x2f, 0x62, 0x6e, 0x31, 0x5f, 0x31, 0x2f, 0x62, 0x61, 0x74,
  0x63, 0x68, 0x6e, 0x6f, 0x72, 0x6d, 0x2f, 0x6d, 0x75, 0x6c, 0x5f, 0x31,
  0x3b, 0x70, 0x72, 0x6f, 0x70, 0x6f, 0x73, 0x65, 0x64, 0x5f, 0x73, 0x65,
  0x70, 0x61, 0x72, 0x61, 0x62, 0x6c, 0x65, 0x5f, 0x63, 0x6e, 0x6e, 0x5f,
  0x31, 0x2f, 0x62, 0x6e, 0x31, 0x5f, 0x31, 0x2f, 0x62, 0x61, 0x74, 0x63,
  0x68, 0x6e, 0x6f, 0x72, 0x6d, 0x2f, 0x6d, 0x75, 0x6c, 0x3b, 0x70, 0x72,
  0x6f, 0x70, 0x6f, 0x73, 0x65, 0x64, 0x5f, 0x73, 0x65, 0x70, 0x61, 0x72,
  0x61, 0x62, 0x6c, 0x65, 0x5f, 0x63, 0x6e, 0x6e, 0x5f, 0x31, 0x2f, 0x62,
  0x6e, 0x31, 0x5f, 0x31, 0x2f, 0x62, 0x61, 0x74, 0x63, 0x68, 0x6e, 0x6f,
  0x72, 0x6d, 0x2f, 0x73, 0x75, 0x62, 0x3b, 0x70, 0x72, 0x6f, 0x70, 0x6f,
  0x73, 0x65, 0x64, 0x5f, 0x73, 0x65, 0x70, 0x61, 0x72, 0x61, 0x62, 0x6c,
  0x65, 0x5f, 0x63, 0x6e, 0x6e, 0x5f, 0x31, 0x2f, 0x63, 0x6f, 0x6e, 0x76,
  0x31, 0x5f, 0x31, 0x2f, 0x63, 0x6f, 0x6e, 0x76, 0x6f, 0x6c, 0x75, 0x74,
  0x69, 0x6f, 0x6e, 0x00, 0x04, 0x00, 0x00, 0x00, 0x01, 0x00, 0x00, 0x00,
  0x01, 0x00, 0x00, 0x00, 0x32, 0x00, 0x00, 0x00, 0x18, 0x00, 0x00, 0x00,
  0x1e, 0xe2, 0xff, 0xff, 0x00, 0x00, 0x00, 0x01, 0x18, 0x00, 0x00, 0x00,
  0x28, 0x00, 0x00, 0x00, 0x48, 0x00, 0x00, 0x00, 0x16, 0x00, 0x00, 0x00,
  0x00, 0x00, 0x00, 0x09, 0x78, 0x00, 0x00, 0x00, 0x04, 0x00, 0x00, 0x00,
  0xff, 0xff, 0xff, 0xff, 0x01, 0x00, 0x00, 0x00, 0x64, 0x00, 0x00, 0x00,
  0x06, 0x00, 0x00, 0x00, 0x0c, 0xe2, 0xff, 0xff, 0x08, 0x00, 0x00, 0x00,
  0x14, 0x00, 0x00, 0x00, 0x01, 0x00, 0x00, 0x00, 0xf7, 0xff, 0xff, 0xff,
  0xff, 0xff, 0xff, 0xff, 0x00, 0x00, 0x00, 0x00, 0x01, 0x00, 0x00, 0x00,
  0x9e, 0xd5, 0x75, 0x3d, 0x37, 0x00, 0x00, 0x00, 0x70, 0x72, 0x6f, 0x70,
  0x6f, 0x73, 0x65, 0x64, 0x5f, 0x73, 0x65, 0x70, 0x61, 0x72, 0x61, 0x62,
  0x6c, 0x65, 0x5f, 0x63, 0x6e, 0x6e, 0x5f, 0x31, 0x2f, 0x63, 0x6f, 0x6e,
  0x76, 0x31, 0x5f, 0x31, 0x2f, 0x63, 0x6f, 0x6e, 0x76, 0x6f, 0x6c, 0x75,
  0x74, 0x69, 0x6f, 0x6e, 0x2f, 0x45, 0x78, 0x70, 0x61, 0x6e, 0x64, 0x44,
  0x69, 0x6d, 0x73, 0x00, 0x04, 0x00, 0x00, 0x00, 0x01, 0x00, 0x00, 0x00,
  0x01, 0x00, 0x00, 0x00, 0x64, 0x00, 0x00, 0x00, 0x06, 0x00, 0x00, 0x00,
  0x1a, 0xe3, 0xff, 0xff, 0x00, 0x00, 0x00, 0x01, 0x14, 0x00, 0x00, 0x00,
  0x48, 0x01, 0x00, 0x00, 0x15, 0x00, 0x00, 0x00, 0x00, 0x00, 0x00, 0x09,
  0x54, 0x01, 0x00, 0x00, 0x9c, 0xe2, 0xff, 0xff, 0x08, 0x00, 0x00, 0x00,
  0xcc, 0x00, 0x00, 0x00, 0x18, 0x00, 0x00, 0x00, 0x00, 0x00, 0x00, 0x00,
  0x00, 0x00, 0x00, 0x00, 0x00, 0x00, 0x00, 0x00, 0x00, 0x00, 0x00, 0x00,
  0x00, 0x00, 0x00, 0x00, 0x00, 0x00, 0x00, 0x00, 0x00, 0x00, 0x00, 0x00,
  0x00, 0x00, 0x00, 0x00, 0x00, 0x00, 0x00, 0x00, 0x00, 0x00, 0x00, 0x00,
  0x00, 0x00, 0x00, 0x00, 0x00, 0x00, 0x00, 0x00, 0x00, 0x00, 0x00, 0x00,
  0x00, 0x00, 0x00, 0x00, 0x00, 0x00, 0x00, 0x00, 0x00, 0x00, 0x00, 0x00,
  0x00, 0x00, 0x00, 0x00, 0x00, 0x00, 0x00, 0x00, 0x00, 0x00, 0x00, 0x00,
  0x00, 0x00, 0x00, 0x00, 0x00, 0x00, 0x00, 0x00, 0x00, 0x00, 0x00, 0x00,
  0x00, 0x00, 0x00, 0x00, 0x00, 0x00, 0x00, 0x00, 0x00, 0x00, 0x00, 0x00,
  0x00, 0x00, 0x00, 0x00, 0x00, 0x00, 0x00, 0x00, 0x00, 0x00, 0x00, 0x00,
  0x00, 0x00, 0x00, 0x00, 0x00, 0x00, 0x00, 0x00, 0x00, 0x00, 0x00, 0x00,
  0x00, 0x00, 0x00, 0x00, 0x00, 0x00, 0x00, 0x00, 0x00, 0x00, 0x00, 0x00,
  0x00, 0x00, 0x00, 0x00, 0x00, 0x00, 0x00, 0x00, 0x00, 0x00, 0x00, 0x00,
  0x00, 0x00, 0x00, 0x00, 0x00, 0x00, 0x00, 0x00, 0x00, 0x00, 0x00, 0x00,
  0x00, 0x00, 0x00, 0x00, 0x00, 0x00, 0x00, 0x00, 0x00, 0x00, 0x00, 0x00,
  0x00, 0x00, 0x00, 0x00, 0x00, 0x00, 0x00, 0x00, 0x00, 0x00, 0x00, 0x00,
  0x00, 0x00, 0x00, 0x00, 0x00, 0x00, 0x00, 0x00, 0x00, 0x00, 0x00, 0x00,
  0x18, 0x00, 0x00, 0x00, 0x46, 0xff, 0x1a, 0x3b, 0xb5, 0xe4, 0x49, 0x3b,
  0xbd, 0x45, 0x33, 0x3b, 0x68, 0x03, 0x5d, 0x3b, 0xaf, 0x41, 0x24, 0x3b,
  0x62, 0xe2, 0xe4, 0x3a, 0x90, 0x30, 0x98, 0x3b, 0x2c, 0xd4, 0xb0, 0x3b,
  0xa1, 0x92, 0x55, 0x3b, 0xc3, 0xee, 0x33, 0x3b, 0x2b, 0x2d, 0x38, 0x3b,
  0x9b, 0x5b, 0x3c, 0x3b, 0x83, 0x93, 0x0d, 0x3b, 0xaf, 0xf2, 0x85, 0x3b,
  0xd3, 0x34, 0x1b, 0x3b, 0x66, 0x11, 0x17, 0x3b, 0xd4, 0x36, 0x78, 0x3b,
  0xda, 0xc7, 0xb7, 0x3b, 0x2f, 0xf9, 0x2c, 0x3b, 0x9c, 0x91, 0xf9, 0x3a,
  0xed, 0x79, 0x51, 0x3b, 0x10, 0xed, 0x7e, 0x3b, 0x5c, 0xf2, 0xf2, 0x3a,
  0x51, 0x5b, 0xff, 0x3a, 0x13, 0x00, 0x00, 0x00, 0x74, 0x66, 0x6c, 0x2e,
  0x70, 0x73, 0x65, 0x75, 0x64, 0x6f, 0x5f, 0x71, 0x63, 0x6f, 0x6e, 0x73,
  0x74, 0x31, 0x33, 0x00, 0x04, 0x00, 0x00, 0x00, 0x18, 0x00, 0x00, 0x00,
  0x01, 0x00, 0x00, 0x00, 0x07, 0x00, 0x00, 0x00, 0x06, 0x00, 0x00, 0x00,
  0x9a, 0xe4, 0xff, 0xff, 0x00, 0x00, 0x00, 0x01, 0x14, 0x00, 0x00, 0x00,
  0x48, 0x01, 0x00, 0x00, 0x14, 0x00, 0x00, 0x00, 0x00, 0x00, 0x00, 0x02,
  0x54, 0x01, 0x00, 0x00, 0x1c, 0xe4, 0xff, 0xff, 0x08, 0x00, 0x00, 0x00,
  0xcc, 0x00, 0x00, 0x00, 0x18, 0x00, 0x00, 0x00, 0x00, 0x00, 0x00, 0x00,
  0x00, 0x00, 0x00, 0x00, 0x00, 0x00, 0x00, 0x00, 0x00, 0x00, 0x00, 0x00,
  0x00, 0x00, 0x00, 0x00, 0x00, 0x00, 0x00, 0x00, 0x00, 0x00, 0x00, 0x00,
  0x00, 0x00, 0x00, 0x00, 0x00, 0x00, 0x00, 0x00, 0x00, 0x00, 0x00, 0x00,
  0x00, 0x00, 0x00, 0x00, 0x00, 0x00, 0x00, 0x00, 0x00, 0x00, 0x00, 0x00,
  0x00, 0x00, 0x00, 0x00, 0x00, 0x00, 0x00, 0x00, 0x00, 0x00, 0x00, 0x00,
  0x00, 0x00, 0x00, 0x00, 0x00, 0x00, 0x00, 0x00, 0x00, 0x00, 0x00, 0x00,
  0x00, 0x00, 0x00, 0x00, 0x00, 0x00, 0x00, 0x00, 0x00, 0x00, 0x00, 0x00,
  0x00, 0x00, 0x00, 0x00, 0x00, 0x00, 0x00, 0x00, 0x00, 0x00, 0x00, 0x00,
  0x00, 0x00, 0x00, 0x00, 0x00, 0x00, 0x00, 0x00, 0x00, 0x00, 0x00, 0x00,
  0x00, 0x00, 0x00, 0x00, 0x00, 0x00, 0x00, 0x00, 0x00, 0x00, 0x00, 0x00,
  0x00, 0x00, 0x00, 0x00, 0x00, 0x00, 0x00, 0x00, 0x00, 0x00, 0x00, 0x00,
  0x00, 0x00, 0x00, 0x00, 0x00, 0x00, 0x00, 0x00, 0x00, 0x00, 0x00, 0x00,
  0x00, 0x00, 0x00, 0x00, 0x00, 0x00, 0x00, 0x00, 0x00, 0x00, 0x00, 0x00,
  0x00, 0x00, 0x00, 0x00, 0x00, 0x00, 0x00, 0x00, 0x00, 0x00, 0x00, 0x00,
  0x00, 0x00, 0x00, 0x00, 0x00, 0x00, 0x00, 0x00, 0x00, 0x00, 0x00, 0x00,
  0x00, 0x00, 0x00, 0x00, 0x00, 0x00, 0x00, 0x00, 0x00, 0x00, 0x00, 0x00,
  0x18, 0x00, 0x00, 0x00, 0xa4, 0xd7, 0x14, 0x39, 0x59, 0xe0, 0x41, 0x39,
  0x56, 0x27, 0x2c, 0x39, 0xaf, 0x3c, 0x54, 0x39, 0xed, 0xbb, 0x1d, 0x39,
  0xa5, 0xcb, 0xdb, 0x38, 0x78, 0x25, 0x92, 0x39, 0x9c, 0xce, 0xa9, 0x39,
  0x8b, 0x17, 0x4d, 0x39, 0xa5, 0xc9, 0x2c, 0x39, 0xe9, 0xdc, 0x30, 0x39,
  0xd8, 0xe0, 0x34, 0x39, 0x4f, 0xf4, 0x07, 0x39, 0x07, 0xa1, 0x80, 0x39,
  0x11, 0x0b, 0x15, 0x39, 0xb5, 0x11, 0x11, 0x39, 0x98, 0x5b, 0x6e, 0x39,
  0x9e, 0x7b, 0xb0, 0x39, 0xd0, 0x1a, 0x26, 0x39, 0x9a, 0xa8, 0xef, 0x38,
  0x7c, 0x28, 0x49, 0x39, 0x99, 0xcd, 0x74, 0x39, 0xac, 0x4c, 0xe9, 0x38,
  0x79, 0x37, 0xf5, 0x38, 0x13, 0x00, 0x00, 0x00, 0x74, 0x66, 0x6c, 0x2e,
  0x70, 0x73, 0x65, 0x75, 0x64, 0x6f, 0x5f, 0x71, 0x63, 0x6f, 0x6e, 0x73,
  0x74, 0x31, 0x32, 0x00, 0x01, 0x00, 0x00, 0x00, 0x18, 0x00, 0x00, 0x00,
  0x0e, 0xe6, 0xff, 0xff, 0x00, 0x00, 0x00, 0x01, 0x14, 0x00, 0x00, 0x00,
  0x4c, 0x01, 0x00, 0x00, 0x13, 0x00, 0x00, 0x00, 0x00, 0x00, 0x00, 0x09,
  0x58, 0x01, 0x00, 0x00, 0xc2, 0xf7, 0xff, 0xff, 0x03, 0x00, 0x00, 0x00,
  0x08, 0x00, 0x00, 0x00, 0xcc, 0x00, 0x00, 0x00, 0x18, 0x00, 0x00, 0x00,
  0x00, 0x00, 0x00, 0x00, 0x00, 0x00, 0x00, 0x00, 0x00, 0x00, 0x00, 0x00,
  0x00, 0x00, 0x00, 0x00, 0x00, 0x00, 0x00, 0x00, 0x00, 0x00, 0x00, 0x00,
  0x00, 0x00, 0x00, 0x00, 0x00, 0x00, 0x00, 0x00, 0x00, 0x00, 0x00, 0x00,
  0x00, 0x00, 0x00, 0x00, 0x00, 0x00, 0x00, 0x00, 0x00, 0x00, 0x00, 0x00,
  0x00, 0x00, 0x00, 0x00, 0x00, 0x00, 0x00, 0x00, 0x00, 0x00, 0x00, 0x00,
  0x00, 0x00, 0x00, 0x00, 0x00, 0x00, 0x00, 0x00, 0x00, 0x00, 0x00, 0x00,
  0x00, 0x00, 0x00, 0x00, 0x00, 0x00, 0x00, 0x00, 0x00, 0x00, 0x00, 0x00,
  0x00, 0x00, 0x00, 0x00, 0x00, 0x00, 0x00, 0x00, 0x00, 0x00, 0x00, 0x00,
  0x00, 0x00, 0x00, 0x00, 0x00, 0x00, 0x00, 0x00, 0x00, 0x00, 0x00, 0x00,
  0x00, 0x00, 0x00, 0x00, 0x00, 0x00, 0x00, 0x00, 0x00, 0x00, 0x00, 0x00,
  0x00, 0x00, 0x00, 0x00, 0x00, 0x00, 0x00, 0x00, 0x00, 0x00, 0x00, 0x00,
  0x00, 0x00, 0x00, 0x00, 0x00, 0x00, 0x00, 0x00, 0x00, 0x00, 0x00, 0x00,
  0x00, 0x00, 0x00, 0x00, 0x00, 0x00, 0x00, 0x00, 0x00, 0x00, 0x00, 0x00,
  0x00, 0x00, 0x00, 0x00, 0x00, 0x00, 0x00, 0x00, 0x00, 0x00, 0x00, 0x00,
  0x00, 0x00, 0x00, 0x00, 0x00, 0x00, 0x00, 0x00, 0x00, 0x00, 0x00, 0x00,
  0x00, 0x00, 0x00, 0x00, 0x00, 0x00, 0x00, 0x00, 0x00, 0x00, 0x00, 0x00,
  0x00, 0x00, 0x00, 0x00, 0x18, 0x00, 0x00, 0x00, 0x99, 0x6a, 0xc1, 0x3a,
  0x06, 0xc3, 0x11, 0x3b, 0xee, 0x05, 0x03, 0x3b, 0x37, 0xea, 0xd9, 0x3a,
  0x22, 0x5e, 0xd8, 0x3a, 0x2c, 0x5f, 0x03, 0x3b, 0xaf, 0xd7, 0xbf, 0x3a,
  0x92, 0x22, 0x18, 0x3b, 0x25, 0x1d, 0xd7, 0x3a, 0x78, 0x4e, 0x08, 0x3b,
  0x59, 0x5a, 0xd1, 0x3a, 0xcc, 0xcf, 0xda, 0x3a, 0x77, 0x8c, 0xf3, 0x3a,
  0x5b, 0x43, 0xc3, 0x3a, 0xb3, 0xa7, 0x0f, 0x3b, 0x03, 0x0b, 0x09, 0x3b,
  0x2a, 0x51, 0xfe, 0x3a, 0x36, 0x3d, 0xe4, 0x3a, 0x1d, 0x4e, 0x1e, 0x3b,
  0xb4, 0xe8, 0xb0, 0x3a, 0x1a, 0x09, 0xf5, 0x3a, 0x09, 0xf8, 0xfa, 0x3a,
  0x95, 0x7b, 0xe2, 0x3a, 0xc5, 0x5a, 0xe2, 0x3a, 0x13, 0x00, 0x00, 0x00,
  0x74, 0x66, 0x6c, 0x2e, 0x70, 0x73, 0x65, 0x75, 0x64, 0x6f, 0x5f, 0x71,
  0x63, 0x6f, 0x6e, 0x73, 0x74, 0x31, 0x31, 0x00, 0x04, 0x00, 0x00, 0x00,
  0x01, 0x00, 0x00, 0x00, 0x01, 0x00, 0x00, 0x00, 0x05, 0x00, 0x00, 0x00,
  0x18, 0x00, 0x00, 0x00, 0x92, 0xe7, 0xff, 0xff, 0x00, 0x00, 0x00, 0x01,
  0x14, 0x00, 0x00, 0x00, 0x44, 0x01, 0x00, 0x00, 0x12, 0x00, 0x00, 0x00,
  0x00, 0x00, 0x00, 0x02, 0x50, 0x01, 0x00, 0x00, 0x14, 0xe7, 0xff, 0xff,
  0x08, 0x00, 0x00, 0x00, 0xc8, 0x00, 0x00, 0x00, 0x18, 0x00, 0x00, 0x00,
  0x00, 0x00, 0x00, 0x00, 0x00, 0x00, 0x00, 0x00, 0x00, 0x00, 0x00, 0x00,
  0x00, 0x00, 0x00, 0x00, 0x00, 0x00, 0x00, 0x00, 0x00, 0x00, 0x00, 0x00,
  0x00, 0x00, 0x00, 0x00, 0x00, 0x00, 0x00, 0x00, 0x00, 0x00, 0x00, 0x00,
  0x00, 0x00, 0x00, 0x00, 0x00, 0x00, 0x00, 0x00, 0x00, 0x00, 0x00, 0x00,
  0x00, 0x00, 0x00, 0x00, 0x00, 0x00, 0x00, 0x00, 0x00, 0x00, 0x00, 0x00,
  0x00, 0x00, 0x00, 0x00, 0x00, 0x00, 0x00, 0x00, 0x00, 0x00, 0x00, 0x00,
  0x00, 0x00, 0x00, 0x00, 0x00, 0x00, 0x00, 0x00, 0x00, 0x00, 0x00, 0x00,
  0x00, 0x00, 0x00, 0x00, 0x00, 0x00, 0x00, 0x00, 0x00, 0x00, 0x00, 0x00,
  0x00, 0x00, 0x00, 0x00, 0x00, 0x00, 0x00, 0x00, 0x00, 0x00, 0x00, 0x00,
  0x00, 0x00, 0x00, 0x00, 0x00, 0x00, 0x00, 0x00, 0x00, 0x00, 0x00, 0x00,
  0x00, 0x00, 0x00, 0x00, 0x00, 0x00, 0x00, 0x00, 0x00, 0x00, 0x00, 0x00,
  0x00, 0x00, 0x00, 0x00, 0x00, 0x00, 0x00, 0x00, 0x00, 0x00, 0x00, 0x00,
  0x00, 0x00, 0x00, 0x00, 0x00, 0x00, 0x00, 0x00, 0x00, 0x00, 0x00, 0x00,
  0x00, 0x00, 0x00, 0x00, 0x00, 0x00, 0x00, 0x00, 0x00, 0x00, 0x00, 0x00,
  0x00, 0x00, 0x00, 0x00, 0x00, 0x00, 0x00, 0x00, 0x00, 0x00, 0x00, 0x00,
  0x00, 0x00, 0x00, 0x00, 0x00, 0x00, 0x00, 0x00, 0x00, 0x00, 0x00, 0x00,
  0x18, 0x00, 0x00, 0x00, 0x77, 0x6a, 0x71, 0x38, 0x5d, 0xef, 0xb5, 0x38,
  0xea, 0x89, 0xa3, 0x38, 0x3e, 0xff, 0x87, 0x38, 0x0e, 0x08, 0x87, 0x38,
  0x4e, 0xf9, 0xa3, 0x38, 0x90, 0x73, 0x6f, 0x38, 0xcf, 0xe3, 0xbd, 0x38,
  0xbb, 0x3f, 0x86, 0x38, 0x1c, 0x22, 0xaa, 0x38, 0x56, 0xa7, 0x82, 0x38,
  0x86, 0x8e, 0x88, 0x38, 0xa2, 0xfe, 0x97, 0x38, 0x8c, 0xb8, 0x73, 0x38,
  0x33, 0x4e, 0xb3, 0x38, 0x71, 0x0d, 0xab, 0x38, 0x0b, 0xb7, 0x9e, 0x38,
  0xb2, 0x70, 0x8e, 0x38, 0x57, 0x97, 0xc5, 0x38, 0xd8, 0xcf, 0x5c, 0x38,
  0x2f, 0xec, 0x98, 0x38, 0x20, 0xa0, 0x9c, 0x38, 0x16, 0x58, 0x8d, 0x38,
  0x9c, 0x43, 0x8d, 0x38, 0x13, 0x00, 0x00, 0x00, 0x74, 0x66, 0x6c, 0x2e,
  0x70, 0x73, 0x65, 0x75, 0x64, 0x6f, 0x5f, 0x71, 0x63, 0x6f, 0x6e, 0x73,
  0x74, 0x31, 0x30, 0x00, 0x01, 0x00, 0x00, 0x00, 0x18, 0x00, 0x00, 0x00,
  0x02, 0xe9, 0xff, 0xff, 0x00, 0x00, 0x00, 0x01, 0x14, 0x00, 0x00, 0x00,
  0x68, 0x02, 0x00, 0x00, 0x11, 0x00, 0x00, 0x00, 0x00, 0x00, 0x00, 0x09,
  0x74, 0x02, 0x00, 0x00, 0x84, 0xe8, 0xff, 0xff, 0x08, 0x00, 0x00, 0x00,
  0x8c, 0x01, 0x00, 0x00, 0x30, 0x00, 0x00, 0x00, 0x00, 0x00, 0x00, 0x00,
  0x00, 0x00, 0x00, 0x00, 0x00, 0x00, 0x00, 0x00, 0x00, 0x00, 0x00, 0x00,
  0x00, 0x00, 0x00, 0x00, 0x00, 0x00, 0x00, 0x00, 0x00, 0x00, 0x00, 0x00,
  0x00, 0x00, 0x00, 0x00, 0x00, 0x00, 0x00, 0x00, 0x00, 0x00, 0x00, 0x00,
  0x00, 0x00, 0x00, 0x00, 0x00, 0x00, 0x00, 0x00, 0x00, 0x00, 0x00, 0x00,
  0x00, 0x00, 0x00, 0x00, 0x00, 0x00, 0x00, 0x00, 0x00, 0x00, 0x00, 0x00,
  0x00, 0x00, 0x00, 0x00, 0x00, 0x00, 0x00, 0x00, 0x00, 0x00, 0x00, 0x00,
  0x00, 0x00, 0x00, 0x00, 0x00, 0x00, 0x00, 0x00, 0x00, 0x00, 0x00, 0x00,
  0x00, 0x00, 0x00, 0x00, 0x00, 0x00, 0x00, 0x00, 0x00, 0x00, 0x00, 0x00,
  0x00, 0x00, 0x00, 0x00, 0x00, 0x00, 0x00, 0x00, 0x00, 0x00, 0x00, 0x00,
  0x00, 0x00, 0x00, 0x00, 0x00, 0x00, 0x00, 0x00, 0x00, 0x00, 0x00, 0x00,
  0x00, 0x00, 0x00, 0x00, 0x00, 0x00, 0x00, 0x00, 0x00, 0x00, 0x00, 0x00,
  0x00, 0x00, 0x00, 0x00, 0x00, 0x00, 0x00, 0x00, 0x00, 0x00, 0x00, 0x00,
  0x00, 0x00, 0x00, 0x00, 0x00, 0x00, 0x00, 0x00, 0x00, 0x00, 0x00, 0x00,
  0x00, 0x00, 0x00, 0x00, 0x00, 0x00, 0x00, 0x00, 0x00, 0x00, 0x00, 0x00,
  0x00, 0x00, 0x00, 0x00, 0x00, 0x00, 0x00, 0x00, 0x00, 0x00, 0x00, 0x00,
  0x00, 0x00, 0x00, 0x00, 0x00, 0x00, 0x00, 0x00, 0x00, 0x00, 0x00, 0x00,
  0x00, 0x00, 0x00, 0x00, 0x00, 0x00, 0x00, 0x00, 0x00, 0x00, 0x00, 0x00,
  0x00, 0x00, 0x00, 0x00, 0x00, 0x00, 0x00, 0x00, 0x00, 0x00, 0x00, 0x00,
  0x00, 0x00, 0x00, 0x00, 0x00, 0x00, 0x00, 0x00, 0x00, 0x00, 0x00, 0x00,
  0x00, 0x00, 0x00, 0x00, 0x00, 0x00, 0x00, 0x00, 0x00, 0x00, 0x00, 0x00,
  0x00, 0x00, 0x00, 0x00, 0x00, 0x00, 0x00, 0x00, 0x00, 0x00, 0x00, 0x00,
  0x00, 0x00, 0x00, 0x00, 0x00, 0x00, 0x00, 0x00, 0x00, 0x00, 0x00, 0x00,
  0x00, 0x00, 0x00, 0x00, 0x00, 0x00, 0x00, 0x00, 0x00, 0x00, 0x00, 0x00,
  0x00, 0x00, 0x00, 0x00, 0x00, 0x00, 0x00, 0x00, 0x00, 0x00, 0x00, 0x00,
  0x00, 0x00, 0x00, 0x00, 0x00, 0x00, 0x00, 0x00, 0x00, 0x00, 0x00, 0x00,
  0x00, 0x00, 0x00, 0x00, 0x00, 0x00, 0x00, 0x00, 0x00, 0x00, 0x00, 0x00,
  0x00, 0x00, 0x00, 0x00, 0x00, 0x00, 0x00, 0x00, 0x00, 0x00, 0x00, 0x00,
  0x00, 0x00, 0x00, 0x00, 0x00, 0x00, 0x00, 0x00, 0x00, 0x00, 0x00, 0x00,
  0x00, 0x00, 0x00, 0x00, 0x00, 0x00, 0x00, 0x00, 0x00, 0x00, 0x00, 0x00,
  0x00, 0x00, 0x00, 0x00, 0x00, 0x00, 0x00, 0x00, 0x00, 0x00, 0x00, 0x00,
  0x00, 0x00, 0x00, 0x00, 0x00, 0x00, 0x00, 0x00, 0x00, 0x00, 0x00, 0x00,
  0x00, 0x00, 0x00, 0x00, 0x00, 0x00, 0x00, 0x00, 0x00, 0x00, 0x00, 0x00,
  0x30, 0x00, 0x00, 0x00, 0x84, 0xd3, 0xb8, 0x3c, 0xa1, 0x2c, 0xa8, 0x3c,
  0xd4, 0x05, 0x8d, 0x3c, 0x70, 0x75, 0x5b, 0x3c, 0x5d, 0x4d, 0xaf, 0x3c,
  0x8b, 0x9e, 0x69, 0x3c, 0x81, 0x99, 0x66, 0x3c, 0xb2, 0xf6, 0xc0, 0x3c,
  0x59, 0x5e, 0x81, 0x3c, 0xc2, 0x2c, 0x86, 0x3c, 0xee, 0xbc, 0x83, 0x3c,
  0x10, 0x20, 0x7b, 0x3c, 0xfd, 0xcd, 0x6f, 0x3c, 0x19, 0xc6, 0x77, 0x3c,
  0xc2, 0xd9, 0x67, 0x3c, 0x0f, 0xed, 0x78, 0x3c, 0x22, 0xfd, 0x4c, 0x3c,
  0x18, 0xa8, 0x8c, 0x3c, 0xe8, 0x0b, 0xac, 0x3c, 0x6d, 0xe1, 0x93, 0x3c,
  0x4b, 0xc8, 0xa1, 0x3c, 0x47, 0x02, 0x5d, 0x3c, 0x37, 0x9e, 0x4f, 0x3c,
  0xa2, 0xd1, 0x77, 0x3c, 0x3c, 0x1b, 0x7f, 0x3c, 0xf0, 0x36, 0x39, 0x3c,
  0x86, 0xd4, 0x96, 0x3c, 0xb2, 0x9f, 0x9a, 0x3c, 0x22, 0x2e, 0x7c, 0x3c,
  0xf2, 0xdf, 0x64, 0x3c, 0x47, 0xe4, 0x8e, 0x3c, 0xe2, 0x3b, 0x9b, 0x3c,
  0x80, 0x6c, 0x9c, 0x3c, 0x05, 0x7b, 0x5c, 0x3c, 0x1f, 0xbd, 0x5c, 0x3c,
  0xad, 0xff, 0x77, 0x3c, 0x74, 0xd8, 0x62, 0x3c, 0xf2, 0xe2, 0x69, 0x3c,
  0x5e, 0xe3, 0xbf, 0x3c, 0xfd, 0x06, 0x78, 0x3c, 0xc1, 0xf4, 0x88, 0x3c,
  0x48, 0x19, 0x8d, 0x3c, 0xd9, 0x59, 0x98, 0x3c, 0x02, 0x6d, 0x5c, 0x3c,
  0x6d, 0xba, 0x4c, 0x3c, 0x96, 0xe9, 0xab, 0x3c, 0xcb, 0xa1, 0x78, 0x3c,
  0xf5, 0xaf, 0x75, 0x3c, 0x12, 0x00, 0x00, 0x00, 0x74, 0x66, 0x6c, 0x2e,
  0x70, 0x73, 0x65, 0x75, 0x64, 0x6f, 0x5f, 0x71, 0x63, 0x6f, 0x6e, 0x73,
  0x74, 0x39, 0x00, 0x00, 0x04, 0x00, 0x00, 0x00, 0x30, 0x00, 0x00, 0x00,
  0x01, 0x00, 0x00, 0x00, 0x01, 0x00, 0x00, 0x00, 0x18, 0x00, 0x00, 0x00,
  0xa2, 0xeb, 0xff, 0xff, 0x00, 0x00, 0x00, 0x01, 0x14, 0x00, 0x00, 0x00,
  0x64, 0x02, 0x00, 0x00, 0x10, 0x00, 0x00, 0x00, 0x00, 0x00, 0x00, 0x02,
  0x70, 0x02, 0x00, 0x00, 0x24, 0xeb, 0xff, 0xff, 0x08, 0x00, 0x00, 0x00,
  0x88, 0x01, 0x00, 0x00, 0x30, 0x00, 0x00, 0x00, 0x00, 0x00, 0x00, 0x00,
  0x00, 0x00, 0x00, 0x00, 0x00, 0x00, 0x00, 0x00, 0x00, 0x00, 0x00, 0x00,
  0x00, 0x00, 0x00, 0x00, 0x00, 0x00, 0x00, 0x00, 0x00, 0x00, 0x00, 0x00,
  0x00, 0x00, 0x00, 0x00, 0x00, 0x00, 0x00, 0x00, 0x00, 0x00, 0x00, 0x00,
  0x00, 0x00, 0x00, 0x00, 0x00, 0x00, 0x00, 0x00, 0x00, 0x00, 0x00, 0x00,
  0x00, 0x00, 0x00, 0x00, 0x00, 0x00, 0x00, 0x00, 0x00, 0x00, 0x00, 0x00,
  0x00, 0x00, 0x00, 0x00, 0x00, 0x00, 0x00, 0x00, 0x00, 0x00, 0x00, 0x00,
  0x00, 0x00, 0x00, 0x00, 0x00, 0x00, 0x00, 0x00, 0x00, 0x00, 0x00, 0x00,
  0x00, 0x00, 0x00, 0x00, 0x00, 0x00, 0x00, 0x00, 0x00, 0x00, 0x00, 0x00,
  0x00, 0x00, 0x00, 0x00, 0x00, 0x00, 0x00, 0x00, 0x00, 0x00, 0x00, 0x00,
  0x00, 0x00, 0x00, 0x00, 0x00, 0x00, 0x00, 0x00, 0x00, 0x00, 0x00, 0x00,
  0x00, 0x00, 0x00, 0x00, 0x00, 0x00, 0x00, 0x00, 0x00, 0x00, 0x00, 0x00,
  0x00, 0x00, 0x00, 0x00, 0x00, 0x00, 0x00, 0x00, 0x00, 0x00, 0x00, 0x00,
  0x00, 0x00, 0x00, 0x00, 0x00, 0x00, 0x00, 0x00, 0x00, 0x00, 0x00, 0x00,
  0x00, 0x00, 0x00, 0x00, 0x00, 0x00, 0x00, 0x00, 0x00, 0x00, 0x00, 0x00,
  0x00, 0x00, 0x00, 0x00, 0x00, 0x00, 0x00, 0x00, 0x00, 0x00, 0x00, 0x00,
  0x00, 0x00, 0x00, 0x00, 0x00, 0x00, 0x00, 0x00, 0x00, 0x00, 0x00, 0x00,
  0x00, 0x00, 0x00, 0x00, 0x00, 0x00, 0x00, 0x00, 0x00, 0x00, 0x00, 0x00,
  0x00, 0x00, 0x00, 0x00, 0x00, 0x00, 0x00, 0x00, 0x00, 0x00, 0x00, 0x00,
  0x00, 0x00, 0x00, 0x00, 0x00, 0x00, 0x00, 0x00, 0x00, 0x00, 0x00, 0x00,
  0x00, 0x00, 0x00, 0x00, 0x00, 0x00, 0x00, 0x00, 0x00, 0x00, 0x00, 0x00,
  0x00, 0x00, 0x00, 0x00, 0x00, 0x00, 0x00, 0x00, 0x00, 0x00, 0x00, 0x00,
  0x00, 0x00, 0x00, 0x00, 0x00, 0x00, 0x00, 0x00, 0x00, 0x00, 0x00, 0x00,
  0x00, 0x00, 0x00, 0x00, 0x00, 0x00, 0x00, 0x00, 0x00, 0x00, 0x00, 0x00,
  0x00, 0x00, 0x00, 0x00, 0x00, 0x00, 0x00, 0x00, 0x00, 0x00, 0x00, 0x00,
  0x00, 0x00, 0x00, 0x00, 0x00, 0x00, 0x00, 0x00, 0x00, 0x00, 0x00, 0x00,
  0x00, 0x00, 0x00, 0x00, 0x00, 0x00, 0x00, 0x00, 0x00, 0x00, 0x00, 0x00,
  0x00, 0x00, 0x00, 0x00, 0x00, 0x00, 0x00, 0x00, 0x00, 0x00, 0x00, 0x00,
  0x00, 0x00, 0x00, 0x00, 0x00, 0x00, 0x00, 0x00, 0x00, 0x00, 0x00, 0x00,
  0x00, 0x00, 0x00, 0x00, 0x00, 0x00, 0x00, 0x00, 0x00, 0x00, 0x00, 0x00,
  0x00, 0x00, 0x00, 0x00, 0x00, 0x00, 0x00, 0x00, 0x00, 0x00, 0x00, 0x00,
  0x00, 0x00, 0x00, 0x00, 0x00, 0x00, 0x00, 0x00, 0x00, 0x00, 0x00, 0x00,
  0x00, 0x00, 0x00, 0x00, 0x00, 0x00, 0x00, 0x00, 0x30, 0x00, 0x00, 0x00,
  0x0c, 0xaf, 0x03, 0x3a, 0xb6, 0xa3, 0xef, 0x39, 0x30, 0xf3, 0xc8, 0x39,
  0xc8, 0x5b, 0x9c, 0x39, 0xdc, 0xcb, 0xf9, 0x39, 0x93, 0x72, 0xa6, 0x39,
  0xce, 0x4b, 0xa4, 0x39, 0x42, 0x7b, 0x09, 0x3a, 0xe3, 0x57, 0xb8, 0x39,
  0x28, 0x31, 0xbf, 0x39, 0x3c, 0xb8, 0xbb, 0x39, 0x8a, 0xeb, 0xb2, 0x39,
  0xbd, 0xda, 0xaa, 0x39, 0x43, 0x88, 0xb0, 0x39, 0xfa, 0x2f, 0xa5, 0x39,
  0x6a, 0x5a, 0xb1, 0x39, 0x90, 0x0c, 0x92, 0x39, 0x9f, 0x6d, 0xc8, 0x39,
  0x3a, 0x28, 0xf5, 0x39, 0xd2, 0xb8, 0xd2, 0x39, 0x05, 0x88, 0xe6, 0x39,
  0x85, 0x76, 0x9d, 0x39, 0x1e, 0xec, 0x93, 0x39, 0x7b, 0x90, 0xb0, 0x39,
  0xac, 0xc1, 0xb5, 0x39, 0xe2, 0xf5, 0x83, 0x39, 0xcc, 0xec, 0xd6, 0x39,
  0xaa, 0x54, 0xdc, 0x39, 0xf5, 0xab, 0xb3, 0x39, 0x35, 0x11, 0xa3, 0x39,
  0xf4, 0x9c, 0xcb, 0x39, 0x39, 0x33, 0xdd, 0x39, 0x49, 0xe5, 0xde, 0x39,
  0x27, 0x16, 0x9d, 0x39, 0x40, 0x45, 0x9d, 0x39, 0x49, 0xb1, 0xb0, 0x39,
  0x15, 0x9f, 0xa1, 0x39, 0x4f, 0xa3, 0xa6, 0x39, 0x18, 0xb7, 0x08, 0x3a,
  0x7e, 0xb6, 0xb0, 0x39, 0xb6, 0x27, 0xc3, 0x39, 0xe8, 0x0e, 0xc9, 0x39,
  0x90, 0x17, 0xd9, 0x39, 0x2c, 0x0c, 0x9d, 0x39, 0x09, 0xdd, 0x91, 0x39,
  0x53, 0xf7, 0xf4, 0x39, 0xca, 0x24, 0xb1, 0x39, 0xb3, 0x0b, 0xaf, 0x39,
  0x12, 0x00, 0x00, 0x00, 0x74, 0x66, 0x6c, 0x2e, 0x70, 0x73, 0x65, 0x75,
  0x64, 0x6f, 0x5f, 0x71, 0x63, 0x6f, 0x6e, 0x73, 0x74, 0x38, 0x00, 0x00,
  0x01, 0x00, 0x00, 0x00, 0x30, 0x00, 0x00, 0x00, 0x00, 0x00, 0x16, 0x00,
  0x1e, 0x00, 0x18, 0x00, 0x17, 0x00, 0x10, 0x00, 0x0c, 0x00, 0x08, 0x00,
  0x00, 0x00, 0x00, 0x00, 0x00, 0x00, 0x07, 0x00, 0x16, 0x00, 0x00, 0x00,
  0x00, 0x00, 0x00, 0x01, 0x28, 0x00, 0x00, 0x00, 0x80, 0x02, 0x00, 0x00,
  0x0f, 0x00, 0x00, 0x00, 0x00, 0x00, 0x00, 0x09, 0x8c, 0x02, 0x00, 0x00,
  0x00, 0x00, 0x12, 0x00, 0x10, 0x00, 0x00, 0x00, 0x00, 0x00, 0x0c, 0x00,
  0x08, 0x00, 0x00, 0x00, 0x00, 0x00, 0x04, 0x00, 0x12, 0x00, 0x00, 0x00,
  0x03, 0x00, 0x00, 0x00, 0x08, 0x00, 0x00, 0x00, 0x8c, 0x01, 0x00, 0x00,
  0x30, 0x00, 0x00, 0x00, 0x00, 0x00, 0x00, 0x00, 0x00, 0x00, 0x00, 0x00,
  0x00, 0x00, 0x00, 0x00, 0x00, 0x00, 0x00, 0x00, 0x00, 0x00, 0x00, 0x00,
  0x00, 0x00, 0x00, 0x00, 0x00, 0x00, 0x00, 0x00, 0x00, 0x00, 0x00, 0x00,
  0x00, 0x00, 0x00, 0x00, 0x00, 0x00, 0x00, 0x00, 0x00, 0x00, 0x00, 0x00,
  0x00, 0x00, 0x00, 0x00, 0x00, 0x00, 0x00, 0x00, 0x00, 0x00, 0x00, 0x00,
  0x00, 0x00, 0x00, 0x00, 0x00, 0x00, 0x00, 0x00, 0x00, 0x00, 0x00, 0x00,
  0x00, 0x00, 0x00, 0x00, 0x00, 0x00, 0x00, 0x00, 0x00, 0x00, 0x00, 0x00,
  0x00, 0x00, 0x00, 0x00, 0x00, 0x00, 0x00, 0x00, 0x00, 0x00, 0x00, 0x00,
  0x00, 0x00, 0x00, 0x00, 0x00, 0x00, 0x00, 0x00, 0x00, 0x00, 0x00, 0x00,
  0x00, 0x00, 0x00, 0x00, 0x00, 0x00, 0x00, 0x00, 0x00, 0x00, 0x00, 0x00,
  0x00, 0x00, 0x00, 0x00, 0x00, 0x00, 0x00, 0x00, 0x00, 0x00, 0x00, 0x00,
  0x00, 0x00, 0x00, 0x00, 0x00, 0x00, 0x00, 0x00, 0x00, 0x00, 0x00, 0x00,
  0x00, 0x00, 0x00, 0x00, 0x00, 0x00, 0x00, 0x00, 0x00, 0x00, 0x00, 0x00,
  0x00, 0x00, 0x00, 0x00, 0x00, 0x00, 0x00, 0x00, 0x00, 0x00, 0x00, 0x00,
  0x00, 0x00, 0x00, 0x00, 0x00, 0x00, 0x00, 0x00, 0x00, 0x00, 0x00, 0x00,
  0x00, 0x00, 0x00, 0x00, 0x00, 0x00, 0x00, 0x00, 0x00, 0x00, 0x00, 0x00,
  0x00, 0x00, 0x00, 0x00, 0x00, 0x00, 0x00, 0x00, 0x00, 0x00, 0x00, 0x00,
  0x00, 0x00, 0x00, 0x00, 0x00, 0x00, 0x00, 0x00, 0x00, 0x00, 0x00, 0x00,
  0x00, 0x00, 0x00, 0x00, 0x00, 0x00, 0x00, 0x00, 0x00, 0x00, 0x00, 0x00,
  0x00, 0x00, 0x00, 0x00, 0x00, 0x00, 0x00, 0x00, 0x00, 0x00, 0x00, 0x00,
  0x00, 0x00, 0x00, 0x00, 0x00, 0x00, 0x00, 0x00, 0x00, 0x00, 0x00, 0x00,
  0x00, 0x00, 0x00, 0x00, 0x00, 0x00, 0x00, 0x00, 0x00, 0x00, 0x00, 0x00,
  0x00, 0x00, 0x00, 0x00, 0x00, 0x00, 0x00, 0x00, 0x00, 0x00, 0x00, 0x00,
  0x00, 0x00, 0x00, 0x00, 0x00, 0x00, 0x00, 0x00, 0x00, 0x00, 0x00, 0x00,
  0x00, 0x00, 0x00, 0x00, 0x00, 0x00, 0x00, 0x00, 0x00, 0x00, 0x00, 0x00,
  0x00, 0x00, 0x00, 0x00, 0x00, 0x00, 0x00, 0x00, 0x00, 0x00, 0x00, 0x00,
  0x00, 0x00, 0x00, 0x00, 0x00, 0x00, 0x00, 0x00, 0x00, 0x00, 0x00, 0x00,
  0x00, 0x00, 0x00, 0x00, 0x00, 0x00, 0x00, 0x00, 0x00, 0x00, 0x00, 0x00,
  0x00, 0x00, 0x00, 0x00, 0x00, 0x00, 0x00, 0x00, 0x00, 0x00, 0x00, 0x00,
  0x00, 0x00, 0x00, 0x00, 0x00, 0x00, 0x00, 0x00, 0x00, 0x00, 0x00, 0x00,
  0x00, 0x00, 0x00, 0x00, 0x00, 0x00, 0x00, 0x00, 0x00, 0x00, 0x00, 0x00,
  0x00, 0x00, 0x00, 0x00, 0x00, 0x00, 0x00, 0x00, 0x00, 0x00, 0x00, 0x00,
  0x00, 0x00, 0x00, 0x00, 0x00, 0x00, 0x00, 0x00, 0x30, 0x00, 0x00, 0x00,
  0x04, 0x67, 0xef, 0x3a, 0xed, 0x11, 0x78, 0x3a, 0xa6, 0xb3, 0x09, 0x3b,
  0x81, 0x0c, 0xc9, 0x3a, 0x32, 0x7e, 0xa7, 0x3a, 0xc2, 0x3d, 0x18, 0x3b,
  0x2d, 0x1e, 0x08, 0x3b, 0x28, 0x77, 0xfb, 0x3a, 0x77, 0xfc, 0x77, 0x3a,
  0xf9, 0x22, 0xab, 0x3a, 0xbe, 0x2c, 0xcb, 0x3a, 0x94, 0x81, 0xc7, 0x3a,
  0x61, 0x37, 0xc3, 0x3a, 0x35, 0x17, 0x10, 0x3b, 0x62, 0xd9, 0xd5, 0x3a,
  0x9b, 0xd7, 0xbe, 0x3a, 0x34, 0xa3, 0x7c, 0x3a, 0x15, 0x81, 0xd8, 0x3a,
  0xb7, 0x28, 0xe2, 0x3a, 0x4f, 0xe4, 0x5f, 0x3a, 0xbc, 0x1e, 0xd4, 0x3a,
  0x63, 0x46, 0x81, 0x3a, 0x06, 0xe9, 0xdc, 0x3a, 0xb6, 0xb0, 0xac, 0x3a,
  0x5b, 0xc1, 0xc1, 0x3a, 0xf2, 0xec, 0xb1, 0x3a, 0xed, 0xe7, 0xf8, 0x3a,
  0x4f, 0x8b, 0x04, 0x3b, 0xbf, 0xe6, 0x87, 0x3a, 0xbf, 0x49, 0xf7, 0x3a,
  0x97, 0xa9, 0xe3, 0x3a, 0xae, 0xad, 0xc5, 0x3a, 0x9d, 0x1d, 0x24, 0x3b,
  0xd3, 0x7e, 0xe5, 0x3a, 0x12, 0x00, 0xb8, 0x3a, 0x7e, 0xad, 0xc1, 0x3a,
  0x1a, 0x82, 0x62, 0x3a, 0x9f, 0xba, 0xb4, 0x3a, 0x24, 0x2d, 0xe2, 0x3a,
  0x55, 0xb6, 0xd2, 0x3a, 0x77, 0xaf, 0xbb, 0x3a, 0xe6, 0x4b, 0x93, 0x3a,
  0xf9, 0x57, 0xc6, 0x3a, 0x85, 0x4c, 0xc8, 0x3a, 0xec, 0x9e, 0xda, 0x3a,
  0x10, 0xbd, 0x0f, 0x3b, 0x70, 0xed, 0xfa, 0x3a, 0xd7, 0x7e, 0x9e, 0x3a,
  0x12, 0x00, 0x00, 0x00, 0x74, 0x66, 0x6c, 0x2e, 0x70, 0x73, 0x65, 0x75,
  0x64, 0x6f, 0x5f, 0x71, 0x63, 0x6f, 0x6e, 0x73, 0x74, 0x37, 0x00, 0x00,
  0x04, 0x00, 0x00, 0x00, 0x01, 0x00, 0x00, 0x00, 0x01, 0x00, 0x00, 0x00,
  0x03, 0x00, 0x00, 0x00, 0x30, 0x00, 0x00, 0x00, 0x02, 0xf1, 0xff, 0xff,
  0x00, 0x00, 0x00, 0x01, 0x14, 0x00, 0x00, 0x00, 0x64, 0x02, 0x00, 0x00,
  0x0e, 0x00, 0x00, 0x00, 0x00, 0x00, 0x00, 0x02, 0x70, 0x02, 0x00, 0x00,
  0x84, 0xf0, 0xff, 0xff, 0x08, 0x00, 0x00, 0x00, 0x88, 0x01, 0x00, 0x00,
  0x30, 0x00, 0x00, 0x00, 0x00, 0x00, 0x00, 0x00, 0x00, 0x00, 0x00, 0x00,
  0x00, 0x00, 0x00, 0x00, 0x00, 0x00, 0x00, 0x00, 0x00, 0x00, 0x00, 0x00,
  0x00, 0x00, 0x00, 0x00, 0x00, 0x00, 0x00, 0x00, 0x00, 0x00, 0x00, 0x00,
  0x00, 0x00, 0x00, 0x00, 0x00, 0x00, 0x00, 0x00, 0x00, 0x00, 0x00, 0x00,
  0x00, 0x00, 0x00, 0x00, 0x00, 0x00, 0x00, 0x00, 0x00, 0x00, 0x00, 0x00,
  0x00, 0x00, 0x00, 0x00, 0x00, 0x00, 0x00, 0x00, 0x00, 0x00, 0x00, 0x00,
  0x00, 0x00, 0x00, 0x00, 0x00, 0x00, 0x00, 0x00, 0x00, 0x00, 0x00, 0x00,
  0x00, 0x00, 0x00, 0x00, 0x00, 0x00, 0x00, 0x00, 0x00, 0x00, 0x00, 0x00,
  0x00, 0x00, 0x00, 0x00, 0x00, 0x00, 0x00, 0x00, 0x00, 0x00, 0x00, 0x00,
  0x00, 0x00, 0x00, 0x00, 0x00, 0x00, 0x00, 0x00, 0x00, 0x00, 0x00, 0x00,
  0x00, 0x00, 0x00, 0x00, 0x00, 0x00, 0x00, 0x00, 0x00, 0x00, 0x00, 0x00,
  0x00, 0x00, 0x00, 0x00, 0x00, 0x00, 0x00, 0x00, 0x00, 0x00, 0x00, 0x00,
  0x00, 0x00, 0x00, 0x00, 0x00, 0x00, 0x00, 0x00, 0x00, 0x00, 0x00, 0x00,
  0x00, 0x00, 0x00, 0x00, 0x00, 0x00, 0x00, 0x00, 0x00, 0x00, 0x00, 0x00,
  0x00, 0x00, 0x00, 0x00, 0x00, 0x00, 0x00, 0x00, 0x00, 0x00, 0x00, 0x00,
  0x00, 0x00, 0x00, 0x00, 0x00, 0x00, 0x00, 0x00, 0x00, 0x00, 0x00, 0x00,
  0x00, 0x00, 0x00, 0x00, 0x00, 0x00, 0x00, 0x00, 0x00, 0x00, 0x00, 0x00,
  0x00, 0x00, 0x00, 0x00, 0x00, 0x00, 0x00, 0x00, 0x00, 0x00, 0x00, 0x00,
  0x00, 0x00, 0x00, 0x00, 0x00, 0x00, 0x00, 0x00, 0x00, 0x00, 0x00, 0x00,
  0x00, 0x00, 0x00, 0x00, 0x00, 0x00, 0x00, 0x00, 0x00, 0x00, 0x00, 0x00,
  0x00, 0x00, 0x00, 0x00, 0x00, 0x00, 0x00, 0x00, 0x00, 0x00, 0x00, 0x00,
  0x00, 0x00, 0x00, 0x00, 0x00, 0x00, 0x00, 0x00, 0x00, 0x00, 0x00, 0x00,
  0x00, 0x00, 0x00, 0x00, 0x00, 0x00, 0x00, 0x00, 0x00, 0x00, 0x00, 0x00,
  0x00, 0x00, 0x00, 0x00, 0x00, 0x00, 0x00, 0x00, 0x00, 0x00, 0x00, 0x00,
  0x00, 0x00, 0x00, 0x00, 0x00, 0x00, 0x00, 0x00, 0x00, 0x00, 0x00, 0x00,
  0x00, 0x00, 0x00, 0x00, 0x00, 0x00, 0x00, 0x00, 0x00, 0x00, 0x00, 0x00,
  0x00, 0x00, 0x00, 0x00, 0x00, 0x00, 0x00, 0x00, 0x00, 0x00, 0x00, 0x00,
  0x00, 0x00, 0x00, 0x00, 0x00, 0x00, 0x00, 0x00, 0x00, 0x00, 0x00, 0x00,
  0x00, 0x00, 0x00, 0x00, 0x00, 0x00, 0x00, 0x00, 0x00, 0x00, 0x00, 0x00,
  0x00, 0x00, 0x00, 0x00, 0x00, 0x00, 0x00, 0x00, 0x00, 0x00, 0x00, 0x00,
  0x00, 0x00, 0x00, 0x00, 0x00, 0x00, 0x00, 0x00, 0x00, 0x00, 0x00, 0x00,
  0x00, 0x00, 0x00, 0x00, 0x00, 0x00, 0x00, 0x00, 0x00, 0x00, 0x00, 0x00,
  0x00, 0x00, 0x00, 0x00, 0x30, 0x00, 0x00, 0x00, 0xbb, 0x8e, 0x8b, 0x38,
  0x3a, 0x9c, 0x10, 0x38, 0x48, 0x8b, 0xa0, 0x38, 0x3c, 0x66, 0x6a, 0x38,
  0xf1, 0x46, 0x43, 0x38, 0xd3, 0x7e, 0xb1, 0x38, 0x8d, 0xb2, 0x9e, 0x38,
  0xf0, 0x96, 0x92, 0x38, 0xb7, 0x8f, 0x10, 0x38, 0x73, 0x86, 0x47, 0x38,
  0xc0, 0xe0, 0x6c, 0x38, 0xcc, 0x99, 0x68, 0x38, 0x6d, 0x99, 0x63, 0x38,
  0x27, 0xfe, 0xa7, 0x38, 0xb0, 0x52, 0x79, 0x38, 0xe6, 0x7f, 0x5e, 0x38,
  0xd9, 0x45, 0x13, 0x38, 0x23, 0x6b, 0x7c, 0x38, 0x63, 0xd6, 0x83, 0x38,
  0x0b, 0x84, 0x02, 0x38, 0x9d, 0x4e, 0x77, 0x38, 0x2b, 0xb8, 0x16, 0x38,
  0x18, 0xc7, 0x80, 0x38, 0x2b, 0x56, 0x49, 0x38, 0x5b, 0xe5, 0x61, 0x38,
  0xb9, 0x70, 0x4f, 0x38, 0xfa, 0x18, 0x91, 0x38, 0xec, 0x87, 0x9a, 0x38,
  0xed, 0x71, 0x1e, 0x38, 0x89, 0x27, 0x90, 0x38, 0xbf, 0xb6, 0x84, 0x38,
  0x48, 0x78, 0x66, 0x38, 0xf1, 0x56, 0xbf, 0x38, 0x48, 0xc8, 0x85, 0x38,
  0xd1, 0x85, 0x56, 0x38, 0x33, 0xce, 0x61, 0x38, 0x7e, 0x0a, 0x04, 0x38,
  0x73, 0xb5, 0x52, 0x38, 0xf7, 0xd8, 0x83, 0x38, 0x6d, 0xaa, 0x75, 0x38,
  0xb4, 0xd1, 0x5a, 0x38, 0xfb, 0xba, 0x2b, 0x38, 0xd3, 0x3e, 0x67, 0x38,
  0x67, 0x86, 0x69, 0x38, 0xdc, 0xe2, 0x7e, 0x38, 0x0e, 0x95, 0xa7, 0x38,
  0xa8, 0x46, 0x92, 0x38, 0x80, 0xc9, 0x38, 0x38, 0x12, 0x00, 0x00, 0x00,
  0x74, 0x66, 0x6c, 0x2e, 0x70, 0x73, 0x65, 0x75, 0x64, 0x6f, 0x5f, 0x71,
  0x63, 0x6f, 0x6e, 0x73, 0x74, 0x36, 0x00, 0x00, 0x01, 0x00, 0x00, 0x00,
  0x30, 0x00, 0x00, 0x00, 0x92, 0xf3, 0xff, 0xff, 0x00, 0x00, 0x00, 0x01,
  0x14, 0x00, 0x00, 0x00, 0x28, 0x03, 0x00, 0x00, 0x0d, 0x00, 0x00, 0x00,
  0x00, 0x00, 0x00, 0x09, 0x34, 0x03, 0x00, 0x00, 0x14, 0xf3, 0xff, 0xff,
  0x08, 0x00, 0x00, 0x00, 0x0c, 0x02, 0x00, 0x00, 0x40, 0x00, 0x00, 0x00,
  0x00, 0x00, 0x00, 0x00, 0x00, 0x00, 0x00, 0x00, 0x00, 0x00, 0x00, 0x00,
  0x00, 0x00, 0x00, 0x00, 0x00, 0x00, 0x00, 0x00, 0x00, 0x00, 0x00, 0x00,
  0x00, 0x00, 0x00, 0x00, 0x00, 0x00, 0x00, 0x00, 0x00, 0x00, 0x00, 0x00,
  0x00, 0x00, 0x00, 0x00, 0x00, 0x00, 0x00, 0x00, 0x00, 0x00, 0x00, 0x00,
  0x00, 0x00, 0x00, 0x00, 0x00, 0x00, 0x00, 0x00, 0x00, 0x00, 0x00, 0x00,
  0x00, 0x00, 0x00, 0x00, 0x00, 0x00, 0x00, 0x00, 0x00, 0x00, 0x00, 0x00,
  0x00, 0x00, 0x00, 0x00, 0x00, 0x00, 0x00, 0x00, 0x00, 0x00, 0x00, 0x00,
  0x00, 0x00, 0x00, 0x00, 0x00, 0x00, 0x00, 0x00, 0x00, 0x00, 0x00, 0x00,
  0x00, 0x00, 0x00, 0x00, 0x00, 0x00, 0x00, 0x00, 0x00, 0x00, 0x00, 0x00,
  0x00, 0x00, 0x00, 0x00, 0x00, 0x00, 0x00, 0x00, 0x00, 0x00, 0x00, 0x00,
  0x00, 0x00, 0x00, 0x00, 0x00, 0x00, 0x00, 0x00, 0x00, 0x00, 0x00, 0x00,
  0x00, 0x00, 0x00, 0x00, 0x00, 0x00, 0x00, 0x00, 0x00, 0x00, 0x00, 0x00,
  0x00, 0x00, 0x00, 0x00, 0x00, 0x00, 0x00, 0x00, 0x00, 0x00, 0x00, 0x00,
  0x00, 0x00, 0x00, 0x00, 0x00, 0x00, 0x00, 0x00, 0x00, 0x00, 0x00, 0x00,
  0x00, 0x00, 0x00, 0x00, 0x00, 0x00, 0x00, 0x00, 0x00, 0x00, 0x00, 0x00,
  0x00, 0x00, 0x00, 0x00, 0x00, 0x00, 0x00, 0x00, 0x00, 0x00, 0x00, 0x00,
  0x00, 0x00, 0x00, 0x00, 0x00, 0x00, 0x00, 0x00, 0x00, 0x00, 0x00, 0x00,
  0x00, 0x00, 0x00, 0x00, 0x00, 0x00, 0x00, 0x00, 0x00, 0x00, 0x00, 0x00,
  0x00, 0x00, 0x00, 0x00, 0x00, 0x00, 0x00, 0x00, 0x00, 0x00, 0x00, 0x00,
  0x00, 0x00, 0x00, 0x00, 0x00, 0x00, 0x00, 0x00, 0x00, 0x00, 0x00, 0x00,
  0x00, 0x00, 0x00, 0x00, 0x00, 0x00, 0x00, 0x00, 0x00, 0x00, 0x00, 0x00,
  0x00, 0x00, 0x00, 0x00, 0x00, 0x00, 0x00, 0x00, 0x00, 0x00, 0x00, 0x00,
  0x00, 0x00, 0x00, 0x00, 0x00, 0x00, 0x00, 0x00, 0x00, 0x00, 0x00, 0x00,
  0x00, 0x00, 0x00, 0x00, 0x00, 0x00, 0x00, 0x00, 0x00, 0x00, 0x00, 0x00,
  0x00, 0x00, 0x00, 0x00, 0x00, 0x00, 0x00, 0x00, 0x00, 0x00, 0x00, 0x00,
  0x00, 0x00, 0x00, 0x00, 0x00, 0x00, 0x00, 0x00, 0x00, 0x00, 0x00, 0x00,
  0x00, 0x00, 0x00, 0x00, 0x00, 0x00, 0x00, 0x00, 0x00, 0x00, 0x00, 0x00,
  0x00, 0x00, 0x00, 0x00, 0x00, 0x00, 0x00, 0x00, 0x00, 0x00, 0x00, 0x00,
  0x00, 0x00, 0x00, 0x00, 0x00, 0x00, 0x00, 0x00, 0x00, 0x00, 0x00, 0x00,
  0x00, 0x00, 0x00, 0x00, 0x00, 0x00, 0x00, 0x00, 0x00, 0x00, 0x00, 0x00,
  0x00, 0x00, 0x00, 0x00, 0x00, 0x00, 0x00, 0x00, 0x00, 0x00, 0x00, 0x00,
  0x00, 0x00, 0x00, 0x00, 0x00, 0x00, 0x00, 0x00, 0x00, 0x00, 0x00, 0x00,
  0x00, 0x00, 0x00, 0x00, 0x00, 0x00, 0x00, 0x00, 0x00, 0x00, 0x00, 0x00,
  0x00, 0x00, 0x00, 0x00, 0x00, 0x00, 0x00, 0x00, 0x00, 0x00, 0x00, 0x00,
  0x00, 0x00, 0x00, 0x00, 0x00, 0x00, 0x00, 0x00, 0x00, 0x00, 0x00, 0x00,
  0x00, 0x00, 0x00, 0x00, 0x00, 0x00, 0x00, 0x00, 0x00, 0x00, 0x00, 0x00,
  0x00, 0x00, 0x00, 0x00, 0x00, 0x00, 0x00, 0x00, 0x00, 0x00, 0x00, 0x00,
  0x00, 0x00, 0x00, 0x00, 0x00, 0x00, 0x00, 0x00, 0x00, 0x00, 0x00, 0x00,
  0x00, 0x00, 0x00, 0x00, 0x00, 0x00, 0x00, 0x00, 0x00, 0x00, 0x00, 0x00,
  0x00, 0x00, 0x00, 0x00, 0x00, 0x00, 0x00, 0x00, 0x00, 0x00, 0x00, 0x00,
  0x00, 0x00, 0x00, 0x00, 0x00, 0x00, 0x00, 0x00, 0x00, 0x00, 0x00, 0x00,
  0x00, 0x00, 0x00, 0x00, 0x00, 0x00, 0x00, 0x00, 0x00, 0x00, 0x00, 0x00,
  0x00, 0x00, 0x00, 0x00, 0x00, 0x00, 0x00, 0x00, 0x00, 0x00, 0x00, 0x00,
  0x40, 0x00, 0x00, 0x00, 0xc4, 0xf9, 0x7a, 0x3c, 0xa8, 0x40, 0x32, 0x3c,
  0xa4, 0xc8, 0x3d, 0x3c, 0xad, 0x9d, 0x79, 0x3c, 0x16, 0x72, 0x8a, 0x3c,
  0x63, 0x3a, 0x76, 0x3c, 0x52, 0x96, 0x7a, 0x3c, 0x5e, 0xf4, 0x8b, 0x3c,
  0x32, 0xa1, 0x6d, 0x3c, 0x8b, 0xdf, 0xa6, 0x3c, 0xe0, 0x22, 0x47, 0x3c,
  0xe3, 0x13, 0x92, 0x3c, 0xf9, 0xb4, 0x5d, 0x3c, 0xc1, 0xa5, 0x83, 0x3c,
  0x18, 0xcc, 0x8c, 0x3c, 0x3b, 0xba, 0x64, 0x3c, 0x69, 0xa5, 0x8c, 0x3c,
  0x05, 0x13, 0x81, 0x3c, 0x73, 0xb4, 0x7b, 0x3c, 0xb2, 0xb1, 0x52, 0x3c,
  0x2c, 0xce, 0x55, 0x3c, 0x9d, 0xf6, 0x9b, 0x3c, 0x99, 0xb7, 0x62, 0x3c,
  0x6c, 0x8a, 0x8e, 0x3c, 0xb1, 0x8d, 0x54, 0x3c, 0xd7, 0x3a, 0x92, 0x3c,
  0xa0, 0x3b, 0x81, 0x3c, 0x4b, 0xa0, 0x25, 0x3c, 0x39, 0x16, 0xd3, 0x3c,
  0x50, 0xfb, 0x6c, 0x3c, 0xb3, 0xaf, 0x3b, 0x3c, 0x5f, 0xbd, 0x30, 0x3c,
  0xb5, 0xad, 0x75, 0x3c, 0xfc, 0xc8, 0xc2, 0x3c, 0xc1, 0xcc, 0x8a, 0x3c,
  0xad, 0x57, 0x4d, 0x3c, 0x84, 0x46, 0x57, 0x3c, 0x05, 0xd0, 0x65, 0x3c,
  0x25, 0xa5, 0x81, 0x3c, 0x89, 0xa7, 0x99, 0x3c, 0x92, 0x40, 0x53, 0x3c,
  0x4e, 0x95, 0x8d, 0x3c, 0x89, 0xcc, 0x80, 0x3c, 0xe5, 0x5c, 0x6d, 0x3c,
  0xb1, 0xa6, 0x84, 0x3c, 0x62, 0xd9, 0x80, 0x3c, 0x98, 0xd6, 0x89, 0x3c,
  0xee, 0x57, 0x5e, 0x3c, 0xd1, 0x02, 0x6d, 0x3c, 0xd9, 0x31, 0x50, 0x3c,
  0x05, 0xe6, 0x7e, 0x3c, 0x80, 0x36, 0x51, 0x3c, 0x7d, 0x0d, 0x96, 0x3c,
  0xbd, 0x87, 0x52, 0x3c, 0x74, 0x20, 0x72, 0x3c, 0x15, 0x08, 0x84, 0x3c,
  0xdb, 0xa3, 0x47, 0x3c, 0xd3, 0x6b, 0x68, 0x3c, 0x91, 0xf1, 0x86, 0x3c,
  0xb4, 0x68, 0x9e, 0x3c, 0xfc, 0xb2, 0x83, 0x3c, 0x85, 0xb8, 0x91, 0x3c,
  0x76, 0xc8, 0xbb, 0x3c, 0x41, 0xbf, 0x81, 0x3c, 0x12, 0x00, 0x00, 0x00,
  0x74, 0x66, 0x6c, 0x2e, 0x70, 0x73, 0x65, 0x75, 0x64, 0x6f, 0x5f, 0x71,
  0x63, 0x6f, 0x6e, 0x73, 0x74, 0x35, 0x00, 0x00, 0x04, 0x00, 0x00, 0x00,
  0x40, 0x00, 0x00, 0x00, 0x01, 0x00, 0x00, 0x00, 0x01, 0x00, 0x00, 0x00,
  0x30, 0x00, 0x00, 0x00, 0xf2, 0xf6, 0xff, 0xff, 0x00, 0x00, 0x00, 0x01,
  0x14, 0x00, 0x00, 0x00, 0x24, 0x03, 0x00, 0x00, 0x0c, 0x00, 0x00, 0x00,
  0x00, 0x00, 0x00, 0x02, 0x30, 0x03, 0x00, 0x00, 0x74, 0xf6, 0xff, 0xff,
  0x08, 0x00, 0x00, 0x00, 0x08, 0x02, 0x00, 0x00, 0x40, 0x00, 0x00, 0x00,
  0x00, 0x00, 0x00, 0x00, 0x00, 0x00, 0x00, 0x00, 0x00, 0x00, 0x00, 0x00,
  0x00, 0x00, 0x00, 0x00, 0x00, 0x00, 0x00, 0x00, 0x00, 0x00, 0x00, 0x00,
  0x00, 0x00, 0x00, 0x00, 0x00, 0x00, 0x00, 0x00, 0x00, 0x00, 0x00, 0x00,
  0x00, 0x00, 0x00, 0x00, 0x00, 0x00, 0x00, 0x00, 0x00, 0x00, 0x00, 0x00,
  0x00, 0x00, 0x00, 0x00, 0x00, 0x00, 0x00, 0x00, 0x00, 0x00, 0x00, 0x00,
  0x00, 0x00, 0x00, 0x00, 0x00, 0x00, 0x00, 0x00, 0x00, 0x00, 0x00, 0x00,
  0x00, 0x00, 0x00, 0x00, 0x00, 0x00, 0x00, 0x00, 0x00, 0x00, 0x00, 0x00,
  0x00, 0x00, 0x00, 0x00, 0x00, 0x00, 0x00, 0x00, 0x00, 0x00, 0x00, 0x00,
  0x00, 0x00, 0x00, 0x00, 0x00, 0x00, 0x00, 0x00, 0x00, 0x00, 0x00, 0x00,
  0x00, 0x00, 0x00, 0x00, 0x00, 0x00, 0x00, 0x00, 0x00, 0x00, 0x00, 0x00,
  0x00, 0x00, 0x00, 0x00, 0x00, 0x00, 0x00, 0x00, 0x00, 0x00, 0x00, 0x00,
  0x00, 0x00, 0x00, 0x00, 0x00, 0x00, 0x00, 0x00, 0x00, 0x00, 0x00, 0x00,
  0x00, 0x00, 0x00, 0x00, 0x00, 0x00, 0x00, 0x00, 0x00, 0x00, 0x00, 0x00,
  0x00, 0x00, 0x00, 0x00, 0x00, 0x00, 0x00, 0x00, 0x00, 0x00, 0x00, 0x00,
  0x00, 0x00, 0x00, 0x00, 0x00, 0x00, 0x00, 0x00, 0x00, 0x00, 0x00, 0x00,
  0x00, 0x00, 0x00, 0x00, 0x00, 0x00, 0x00, 0x00, 0x00, 0x00, 0x00, 0x00,
  0x00, 0x00, 0x00, 0x00, 0x00, 0x00, 0x00, 0x00, 0x00, 0x00, 0x00, 0x00,
  0x00, 0x00, 0x00, 0x00, 0x00, 0x00, 0x00, 0x00, 0x00, 0x00, 0x00, 0x00,
  0x00, 0x00, 0x00, 0x00, 0x00, 0x00, 0x00, 0x00, 0x00, 0x00, 0x00, 0x00,
  0x00, 0x00, 0x00, 0x00, 0x00, 0x00, 0x00, 0x00, 0x00, 0x00, 0x00, 0x00,
  0x00, 0x00, 0x00, 0x00, 0x00, 0x00, 0x00, 0x00, 0x00, 0x00, 0x00, 0x00,
  0x00, 0x00, 0x00, 0x00, 0x00, 0x00, 0x00, 0x00, 0x00, 0x00, 0x00, 0x00,
  0x00, 0x00, 0x00, 0x00, 0x00, 0x00, 0x00, 0x00, 0x00, 0x00, 0x00, 0x00,
  0x00, 0x00, 0x00, 0x00, 0x00, 0x00, 0x00, 0x00, 0x00, 0x00, 0x00, 0x00,
  0x00, 0x00, 0x00, 0x00, 0x00, 0x00, 0x00, 0x00, 0x00, 0x00, 0x00, 0x00,
  0x00, 0x00, 0x00, 0x00, 0x00, 0x00, 0x00, 0x00, 0x00, 0x00, 0x00, 0x00,
  0x00, 0x00, 0x00, 0x00, 0x00, 0x00, 0x00, 0x00, 0x00, 0x00, 0x00, 0x00,
  0x00, 0x00, 0x00, 0x00, 0x00, 0x00, 0x00, 0x00, 0x00, 0x00, 0x00, 0x00,
  0x00, 0x00, 0x00, 0x00, 0x00, 0x00, 0x00, 0x00, 0x00, 0x00, 0x00, 0x00,
  0x00, 0x00, 0x00, 0x00, 0x00, 0x00, 0x00, 0x00, 0x00, 0x00, 0x00, 0x00,
  0x00, 0x00, 0x00, 0x00, 0x00, 0x00, 0x00, 0x00, 0x00, 0x00, 0x00, 0x00,
  0x00, 0x00, 0x00, 0x00, 0x00, 0x00, 0x00, 0x00, 0x00, 0x00, 0x00, 0x00,
  0x00, 0x00, 0x00, 0x00, 0x00, 0x00, 0x00, 0x00, 0x00, 0x00, 0x00, 0x00,
  0x00, 0x00, 0x00, 0x00, 0x00, 0x00, 0x00, 0x00, 0x00, 0x00, 0x00, 0x00,
  0x00, 0x00, 0x00, 0x00, 0x00, 0x00, 0x00, 0x00, 0x00, 0x00, 0x00, 0x00,
  0x00, 0x00, 0x00, 0x00, 0x00, 0x00, 0x00, 0x00, 0x00, 0x00, 0x00, 0x00,
  0x00, 0x00, 0x00, 0x00, 0x00, 0x00, 0x00, 0x00, 0x00, 0x00, 0x00, 0x00,
  0x00, 0x00, 0x00, 0x00, 0x00, 0x00, 0x00, 0x00, 0x00, 0x00, 0x00, 0x00,
  0x00, 0x00, 0x00, 0x00, 0x00, 0x00, 0x00, 0x00, 0x00, 0x00, 0x00, 0x00,
  0x00, 0x00, 0x00, 0x00, 0x00, 0x00, 0x00, 0x00, 0x00, 0x00, 0x00, 0x00,
  0x00, 0x00, 0x00, 0x00, 0x00, 0x00, 0x00, 0x00, 0x00, 0x00, 0x00, 0x00,
  0x00, 0x00, 0x00, 0x00, 0x00, 0x00, 0x00, 0x00, 0x00, 0x00, 0x00, 0x00,
  0x00, 0x00, 0x00, 0x00, 0x00, 0x00, 0x00, 0x00, 0x40, 0x00, 0x00, 0x00,
  0xd4, 0xef, 0x8a, 0x39, 0x48, 0x5b, 0x45, 0x39, 0xa4, 0x1f, 0x52, 0x39,
  0x21, 0x2f, 0x8a, 0x39, 0x8d, 0x48, 0x99, 0x39, 0x03, 0x4f, 0x88, 0x39,
  0xc7, 0xb8, 0x8a, 0x39, 0x3b, 0xf4, 0x9a, 0x39, 0x76, 0x8c, 0x83, 0x39,
  0xf5, 0xc1, 0xb8, 0x39, 0x7a, 0x7a, 0x5c, 0x39, 0xbf, 0xbb, 0xa1, 0x39,
  0xd5, 0x77, 0x75, 0x39, 0xb3, 0xc1, 0x91, 0x39, 0x14, 0xe3, 0x9b, 0x39,
  0xb6, 0x3d, 0x7d, 0x39, 0x3f, 0xb8, 0x9b, 0x39, 0x5e, 0xe8, 0x8e, 0x39,
  0x2d, 0x57, 0x8b, 0x39, 0x67, 0x46, 0x69, 0x39, 0x3e, 0xb8, 0x6c, 0x39,
  0xb3, 0xad, 0xac, 0x39, 0xec, 0x03, 0x7b, 0x39, 0x3d, 0xd1, 0x9d, 0x39,
  0x6a, 0x55, 0x6b, 0x39, 0xe0, 0xe6, 0xa1, 0x39, 0x53, 0x15, 0x8f, 0x39,
  0x7e, 0x60, 0x37, 0x39, 0xb4, 0xb5, 0xe9, 0x39, 0xa1, 0x30, 0x83, 0x39,
  0x27, 0xcd, 0x4f, 0x39, 0x7d, 0xae, 0x43, 0x39, 0x22, 0x01, 0x88, 0x39,
  0x34, 0xa9, 0xd7, 0x39, 0xef, 0xac, 0x99, 0x39, 0x8e, 0x59, 0x63, 0x39,
  0xeb, 0x58, 0x6e, 0x39, 0x45, 0x71, 0x7e, 0x39, 0x27, 0x8a, 0x8f, 0x39,
  0x46, 0x1f, 0xaa, 0x39, 0x97, 0xe4, 0x69, 0x39, 0xda, 0xc1, 0x9c, 0x39,
  0x54, 0x9a, 0x8e, 0x39, 0xa6, 0x66, 0x83, 0x39, 0x2c, 0xde, 0x92, 0x39,
  0x8d, 0xa8, 0x8e, 0x39, 0x64, 0x9c, 0x98, 0x39, 0x41, 0x2c, 0x76, 0x39,
  0xc9, 0x34, 0x83, 0x39, 0xfb, 0x81, 0x66, 0x39, 0xc5, 0x1b, 0x8d, 0x39,
  0x91, 0xa2, 0x67, 0x39, 0x68, 0x22, 0xa6, 0x39, 0xf3, 0x17, 0x69, 0x39,
  0xc8, 0x09, 0x86, 0x39, 0x91, 0x2e, 0x92, 0x39, 0x47, 0x09, 0x5d, 0x39,
  0x53, 0xaa, 0x80, 0x39, 0xf2, 0x67, 0x95, 0x39, 0xe4, 0x62, 0xaf, 0x39,
  0x59, 0xd0, 0x91, 0x39, 0x96, 0x56, 0xa1, 0x39, 0x92, 0xe8, 0xcf, 0x39,
  0x0f, 0xa7, 0x8f, 0x39, 0x12, 0x00, 0x00, 0x00, 0x74, 0x66, 0x6c, 0x2e,
  0x70, 0x73, 0x65, 0x75, 0x64, 0x6f, 0x5f, 0x71, 0x63, 0x6f, 0x6e, 0x73,
  0x74, 0x34, 0x00, 0x00, 0x01, 0x00, 0x00, 0x00, 0x40, 0x00, 0x00, 0x00,
  0x42, 0xfa, 0xff, 0xff, 0x00, 0x00, 0x00, 0x01, 0x14, 0x00, 0x00, 0x00,
  0xa8, 0x01, 0x00, 0x00, 0x0b, 0x00, 0x00, 0x00, 0x00, 0x00, 0x00, 0x09,
  0xb4, 0x01, 0x00, 0x00, 0xc4, 0xf9, 0xff, 0xff, 0x08, 0x00, 0x00, 0x00,
  0x0c, 0x01, 0x00, 0x00, 0x20, 0x00, 0x00, 0x00, 0x00, 0x00, 0x00, 0x00,
  0x00, 0x00, 0x00, 0x00, 0x00, 0x00, 0x00, 0x00, 0x00, 0x00, 0x00, 0x00,
  0x00, 0x00, 0x00, 0x00, 0x00, 0x00, 0x00, 0x00, 0x00, 0x00, 0x00, 0x00,
  0x00, 0x00, 0x00, 0x00, 0x00, 0x00, 0x00, 0x00, 0x00, 0x00, 0x00, 0x00,
  0x00, 0x00, 0x00, 0x00, 0x00, 0x00, 0x00, 0x00, 0x00, 0x00, 0x00, 0x00,
  0x00, 0x00, 0x00, 0x00, 0x00, 0x00, 0x00, 0x00, 0x00, 0x00, 0x00, 0x00,
  0x00, 0x00, 0x00, 0x00, 0x00, 0x00, 0x00, 0x00, 0x00, 0x00, 0x00, 0x00,
  0x00, 0x00, 0x00, 0x00, 0x00, 0x00, 0x00, 0x00, 0x00, 0x00, 0x00, 0x00,
  0x00, 0x00, 0x00, 0x00, 0x00, 0x00, 0x00, 0x00, 0x00, 0x00, 0x00, 0x00,
  0x00, 0x00, 0x00, 0x00, 0x00, 0x00, 0x00, 0x00, 0x00, 0x00, 0x00, 0x00,
  0x00, 0x00, 0x00, 0x00, 0x00, 0x00, 0x00, 0x00, 0x00, 0x00, 0x00, 0x00,
  0x00, 0x00, 0x00, 0x00, 0x00, 0x00, 0x00, 0x00, 0x00, 0x00, 0x00, 0x00,
  0x00, 0x00, 0x00, 0x00, 0x00, 0x00, 0x00, 0x00, 0x00, 0x00, 0x00, 0x00,
  0x00, 0x00, 0x00, 0x00, 0x00, 0x00, 0x00, 0x00, 0x00, 0x00, 0x00, 0x00,
  0x00, 0x00, 0x00, 0x00, 0x00, 0x00, 0x00, 0x00, 0x00, 0x00, 0x00, 0x00,
  0x00, 0x00, 0x00, 0x00, 0x00, 0x00, 0x00, 0x00, 0x00, 0x00, 0x00, 0x00,
  0x00, 0x00, 0x00, 0x00, 0x00, 0x00, 0x00, 0x00, 0x00, 0x00, 0x00, 0x00,
  0x00, 0x00, 0x00, 0x00, 0x00, 0x00, 0x00, 0x00, 0x00, 0x00, 0x00, 0x00,
  0x00, 0x00, 0x00, 0x00, 0x00, 0x00, 0x00, 0x00, 0x00, 0x00, 0x00, 0x00,
  0x00, 0x00, 0x00, 0x00, 0x00, 0x00, 0x00, 0x00, 0x00, 0x00, 0x00, 0x00,
  0x00, 0x00, 0x00, 0x00, 0x00, 0x00, 0x00, 0x00, 0x00, 0x00, 0x00, 0x00,
  0x00, 0x00, 0x00, 0x00, 0x00, 0x00, 0x00, 0x00, 0x00, 0x00, 0x00, 0x00,
  0x00, 0x00, 0x00, 0x00, 0x20, 0x00, 0x00, 0x00, 0xba, 0x03, 0x5d, 0x3b,
  0x9b, 0x11, 0x75, 0x3b, 0xe0, 0xba, 0x00, 0x3b, 0x7e, 0x85, 0x0a, 0x3b,
  0x02, 0x0d, 0x00, 0x3b, 0x20, 0x0f, 0x66, 0x3b, 0xfd, 0x3c, 0x31, 0x3b,
  0xbe, 0x2a, 0x4c, 0x3b, 0x29, 0x2a, 0x89, 0x3b, 0xa1, 0xa3, 0x47, 0x3b,
  0x5f, 0x3a, 0x6f, 0x3b, 0xe1, 0xf5, 0x99, 0x3b, 0x42, 0x14, 0x46, 0x3b,
  0x21, 0x51, 0x83, 0x3b, 0xe9, 0x24, 0x51, 0x3b, 0xad, 0x01, 0x39, 0x3b,
  0xdd, 0xbb, 0x1e, 0x3b, 0x24, 0x06, 0x0c, 0x3b, 0x5c, 0x6c, 0x62, 0x3b,
  0x14, 0xcb, 0x00, 0x3b, 0x71, 0x00, 0x49, 0x3b, 0x70, 0x39, 0x37, 0x3b,
  0x7f, 0xaf, 0x18, 0x3b, 0x4a, 0x7f, 0x41, 0x3b, 0xe5, 0xca, 0x3b, 0x3b,
  0xc7, 0x8a, 0x38, 0x3b, 0xd1, 0x02, 0x4b, 0x3b, 0xb2, 0x4d, 0x51, 0x3b,
  0xbc, 0xe6, 0x42, 0x3b, 0xfe, 0x95, 0x4f, 0x3b, 0x00, 0xe4, 0xf9, 0x3a,
  0x01, 0xa7, 0x09, 0x3b, 0x12, 0x00, 0x00, 0x00, 0x74, 0x66, 0x6c, 0x2e,
  0x70, 0x73, 0x65, 0x75, 0x64, 0x6f, 0x5f, 0x71, 0x63, 0x6f, 0x6e, 0x73,
  0x74, 0x33, 0x00, 0x00, 0x02, 0x00, 0x00, 0x00, 0x20, 0x00, 0x00, 0x00,
  0x40, 0x00, 0x00, 0x00, 0x1a, 0xfc, 0xff, 0xff, 0x00, 0x00, 0x00, 0x01,
  0x14, 0x00, 0x00, 0x00, 0xa4, 0x01, 0x00, 0x00, 0x0a, 0x00, 0x00, 0x00,
  0x00, 0x00, 0x00, 0x02, 0xb0, 0x01, 0x00, 0x00, 0x9c, 0xfb, 0xff, 0xff,
  0x08, 0x00, 0x00, 0x00, 0x08, 0x01, 0x00, 0x00, 0x20, 0x00, 0x00, 0x00,
  0x00, 0x00, 0x00, 0x00, 0x00, 0x00, 0x00, 0x00, 0x00, 0x00, 0x00, 0x00,
  0x00, 0x00, 0x00, 0x00, 0x00, 0x00, 0x00, 0x00, 0x00, 0x00, 0x00, 0x00,
  0x00, 0x00, 0x00, 0x00, 0x00, 0x00, 0x00, 0x00, 0x00, 0x00, 0x00, 0x00,
  0x00, 0x00, 0x00, 0x00, 0x00, 0x00, 0x00, 0x00, 0x00, 0x00, 0x00, 0x00,
  0x00, 0x00, 0x00, 0x00, 0x00, 0x00, 0x00, 0x00, 0x00, 0x00, 0x00, 0x00,
  0x00, 0x00, 0x00, 0x00, 0x00, 0x00, 0x00, 0x00, 0x00, 0x00, 0x00, 0x00,
  0x00, 0x00, 0x00, 0x00, 0x00, 0x00, 0x00, 0x00, 0x00, 0x00, 0x00, 0x00,
  0x00, 0x00, 0x00, 0x00, 0x00, 0x00, 0x00, 0x00, 0x00, 0x00, 0x00, 0x00,
  0x00, 0x00, 0x00, 0x00, 0x00, 0x00, 0x00, 0x00, 0x00, 0x00, 0x00, 0x00,
  0x00, 0x00, 0x00, 0x00, 0x00, 0x00, 0x00, 0x00, 0x00, 0x00, 0x00, 0x00,
  0x00, 0x00, 0x00, 0x00, 0x00, 0x00, 0x00, 0x00, 0x00, 0x00, 0x00, 0x00,
  0x00, 0x00, 0x00, 0x00, 0x00, 0x00, 0x00, 0x00, 0x00, 0x00, 0x00, 0x00,
  0x00, 0x00, 0x00, 0x00, 0x00, 0x00, 0x00, 0x00, 0x00, 0x00, 0x00, 0x00,
  0x00, 0x00, 0x00, 0x00, 0x00, 0x00, 0x00, 0x00, 0x00, 0x00, 0x00, 0x00,
  0x00, 0x00, 0x00, 0x00, 0x00, 0x00, 0x00, 0x00, 0x00, 0x00, 0x00, 0x00,
  0x00, 0x00, 0x00, 0x00, 0x00, 0x00, 0x00, 0x00, 0x00, 0x00, 0x00, 0x00,
  0x00, 0x00, 0x00, 0x00, 0x00, 0x00, 0x00, 0x00, 0x00, 0x00, 0x00, 0x00,
  0x00, 0x00, 0x00, 0x00, 0x00, 0x00, 0x00, 0x00, 0x00, 0x00, 0x00, 0x00,
  0x00, 0x00, 0x00, 0x00, 0x00, 0x00, 0x00, 0x00, 0x00, 0x00, 0x00, 0x00,
  0x00, 0x00, 0x00, 0x00, 0x00, 0x00, 0x00, 0x00, 0x00, 0x00, 0x00, 0x00,
  0x00, 0x00, 0x00, 0x00, 0x00, 0x00, 0x00, 0x00, 0x00, 0x00, 0x00, 0x00,
  0x00, 0x00, 0x00, 0x00, 0x20, 0x00, 0x00, 0x00, 0xb6, 0xd5, 0xc8, 0x37,
  0x58, 0xb1, 0xde, 0x37, 0xdb, 0xf3, 0x69, 0x37, 0x5b, 0xbf, 0x7b, 0x37,
  0xdf, 0xb7, 0x68, 0x37, 0xb3, 0x0d, 0xd1, 0x37, 0x34, 0x0e, 0xa1, 0x37,
  0x86, 0x86, 0xb9, 0x37, 0x1e, 0x48, 0xf9, 0x37, 0x3e, 0x69, 0xb5, 0x37,
  0xa2, 0x62, 0xd9, 0x37, 0x31, 0xe7, 0x0b, 0x38, 0x56, 0xfe, 0xb3, 0x37,
  0x6e, 0xa7, 0xee, 0x37, 0x5a, 0x0c, 0xbe, 0x37, 0x50, 0x1d, 0xa8, 0x37,
  0x9a, 0x3d, 0x90, 0x37, 0x69, 0x7a, 0x7e, 0x37, 0xeb, 0xbf, 0xcd, 0x37,
  0x4d, 0x11, 0x6a, 0x37, 0x35, 0xa6, 0xb6, 0x37, 0xbc, 0x7e, 0xa6, 0x37,
  0x9c, 0xbe, 0x8a, 0x37, 0x77, 0xd4, 0xaf, 0x37, 0x6a, 0xa5, 0xaa, 0x37,
  0x46, 0xb1, 0xa7, 0x37, 0x9e, 0x79, 0xb8, 0x37, 0x6a, 0x31, 0xbe, 0x37,
  0x18, 0x1b, 0xb1, 0x37, 0xdc, 0xa1, 0xbc, 0x37, 0x08, 0x13, 0x63, 0x37,
  0x02, 0x2b, 0x7a, 0x37, 0x12, 0x00, 0x00, 0x00, 0x74, 0x66, 0x6c, 0x2e,
  0x70, 0x73, 0x65, 0x75, 0x64, 0x6f, 0x5f, 0x71, 0x63, 0x6f, 0x6e, 0x73,
  0x74, 0x32, 0x00, 0x00, 0x01, 0x00, 0x00, 0x00, 0x20, 0x00, 0x00, 0x00,
  0xea, 0xfd, 0xff, 0xff, 0x00, 0x00, 0x00, 0x01, 0x14, 0x00, 0x00, 0x00,
  0x48, 0x00, 0x00, 0x00, 0x09, 0x00, 0x00, 0x00, 0x00, 0x00, 0x00, 0x09,
  0x54, 0x00, 0x00, 0x00, 0x6c, 0xfd, 0xff, 0xff, 0x08, 0x00, 0x00, 0x00,
  0x20, 0x00, 0x00, 0x00, 0x03, 0x00, 0x00, 0x00, 0x00, 0x00, 0x00, 0x00,
  0x00, 0x00, 0x00, 0x00, 0x00, 0x00, 0x00, 0x00, 0x00, 0x00, 0x00, 0x00,
  0x00, 0x00, 0x00, 0x00, 0x00, 0x00, 0x00, 0x00, 0x03, 0x00, 0x00, 0x00,
  0xa7, 0x5d, 0xc0, 0x3b, 0x95, 0xb7, 0xc1, 0x3b, 0xf1, 0x37, 0xf2, 0x3b,
  0x12, 0x00, 0x00, 0x00, 0x74, 0x66, 0x6c, 0x2e, 0x70, 0x73, 0x65, 0x75,
  0x64, 0x6f, 0x5f, 0x71, 0x63, 0x6f, 0x6e, 0x73, 0x74, 0x31, 0x00, 0x00,
  0x02, 0x00, 0x00, 0x00, 0x03, 0x00, 0x00, 0x00, 0x20, 0x00, 0x00, 0x00,
  0x62, 0xfe, 0xff, 0xff, 0x00, 0x00, 0x00, 0x01, 0x14, 0x00, 0x00, 0x00,
  0x48, 0x00, 0x00, 0x00, 0x08, 0x00, 0x00, 0x00, 0x00, 0x00, 0x00, 0x02,
  0x54, 0x00, 0x00, 0x00, 0xe4, 0xfd, 0xff, 0xff, 0x08, 0x00, 0x00, 0x00,
  0x20, 0x00, 0x00, 0x00, 0x03, 0x00, 0x00, 0x00, 0x00, 0x00, 0x00, 0x00,
  0x00, 0x00, 0x00, 0x00, 0x00, 0x00, 0x00, 0x00, 0x00, 0x00, 0x00, 0x00,
  0x00, 0x00, 0x00, 0x00, 0x00, 0x00, 0x00, 0x00, 0x03, 0x00, 0x00, 0x00,
  0x9a, 0xc3, 0x8e, 0x38, 0x55, 0xc4, 0x8f, 0x38, 0x1f, 0xc3, 0xb3, 0x38,
  0x11, 0x00, 0x00, 0x00, 0x74, 0x66, 0x6c, 0x2e, 0x70, 0x73, 0x65, 0x75,
  0x64, 0x6f, 0x5f, 0x71, 0x63, 0x6f, 0x6e, 0x73, 0x74, 0x00, 0x00, 0x00,
  0x01, 0x00, 0x00, 0x00, 0x03, 0x00, 0x00, 0x00, 0xd6, 0xfe, 0xff, 0xff,
  0x00, 0x00, 0x00, 0x01, 0x14, 0x00, 0x00, 0x00, 0x14, 0x00, 0x00, 0x00,
  0x07, 0x00, 0x00, 0x00, 0x00, 0x00, 0x00, 0x02, 0x1c, 0x00, 0x00, 0x00,
  0xc0, 0xfe, 0xff, 0xff, 0x0f, 0x00, 0x00, 0x00, 0x61, 0x72, 0x69, 0x74,
  0x68, 0x2e, 0x63, 0x6f, 0x6e, 0x73, 0x74, 0x61, 0x6e, 0x74, 0x35, 0x00,
  0x01, 0x00, 0x00, 0x00, 0x03, 0x00, 0x00, 0x00, 0x12, 0xff, 0xff, 0xff,
  0x00, 0x00, 0x00, 0x01, 0x14, 0x00, 0x00, 0x00, 0x14, 0x00, 0x00, 0x00,
  0x06, 0x00, 0x00, 0x00, 0x00, 0x00, 0x00, 0x02, 0x1c, 0x00, 0x00, 0x00,
  0xfc, 0xfe, 0xff, 0xff, 0x0f, 0x00, 0x00, 0x00, 0x61, 0x72, 0x69, 0x74,
  0x68, 0x2e, 0x63, 0x6f, 0x6e, 0x73, 0x74, 0x61, 0x6e, 0x74, 0x34, 0x00,
  0x01, 0x00, 0x00, 0x00, 0x03, 0x00, 0x00, 0x00, 0x4e, 0xff, 0xff, 0xff,
  0x00, 0x00, 0x00, 0x01, 0x14, 0x00, 0x00, 0x00, 0x14, 0x00, 0x00, 0x00,
  0x05, 0x00, 0x00, 0x00, 0x00, 0x00, 0x00, 0x02, 0x1c, 0x00, 0x00, 0x00,
  0x38, 0xff, 0xff, 0xff, 0x0f, 0x00, 0x00, 0x00, 0x61, 0x72, 0x69, 0x74,
  0x68, 0x2e, 0x63, 0x6f, 0x6e, 0x73, 0x74, 0x61, 0x6e, 0x74, 0x33, 0x00,
  0x01, 0x00, 0x00, 0x00, 0x03, 0x00, 0x00, 0x00, 0x8a, 0xff, 0xff, 0xff,
  0x00, 0x00, 0x00, 0x01, 0x14, 0x00, 0x00, 0x00, 0x14, 0x00, 0x00, 0x00,
  0x04, 0x00, 0x00, 0x00, 0x00, 0x00, 0x00, 0x02, 0x1c, 0x00, 0x00, 0x00,
  0x74, 0xff, 0xff, 0xff, 0x0f, 0x00, 0x00, 0x00, 0x61, 0x72, 0x69, 0x74,
  0x68, 0x2e, 0x63, 0x6f, 0x6e, 0x73, 0x74, 0x61, 0x6e, 0x74, 0x32, 0x00,
  0x00, 0x00, 0x00, 0x00, 0xc2, 0xff, 0xff, 0xff, 0x00, 0x00, 0x00, 0x01,
  0x14, 0x00, 0x00, 0x00, 0x14, 0x00, 0x00, 0x00, 0x03, 0x00, 0x00, 0x00,
  0x00, 0x00, 0x00, 0x02, 0x1c, 0x00, 0x00, 0x00, 0xac, 0xff, 0xff, 0xff,
  0x0f, 0x00, 0x00, 0x00, 0x61, 0x72, 0x69, 0x74, 0x68, 0x2e, 0x63, 0x6f,
  0x6e, 0x73, 0x74, 0x61, 0x6e, 0x74, 0x31, 0x00, 0x01, 0x00, 0x00, 0x00,
  0x03, 0x00, 0x00, 0x00, 0x00, 0x00, 0x16, 0x00, 0x1c, 0x00, 0x18, 0x00,
  0x17, 0x00, 0x10, 0x00, 0x0c, 0x00, 0x08, 0x00, 0x00, 0x00, 0x00, 0x00,
  0x00, 0x00, 0x07, 0x00, 0x16, 0x00, 0x00, 0x00, 0x00, 0x00, 0x00, 0x01,
  0x18, 0x00, 0x00, 0x00, 0x18, 0x00, 0x00, 0x00, 0x02, 0x00, 0x00, 0x00,
  0x00, 0x00, 0x00, 0x02, 0x20, 0x00, 0x00, 0x00, 0x04, 0x00, 0x04, 0x00,
  0x04, 0x00, 0x00, 0x00, 0x0e, 0x00, 0x00, 0x00, 0x61, 0x72, 0x69, 0x74,
  0x68, 0x2e, 0x63, 0x6f, 0x6e, 0x73, 0x74, 0x61, 0x6e, 0x74, 0x00, 0x00,
  0x00, 0x00, 0x00, 0x00, 0x00, 0x00, 0x16, 0x00, 0x20, 0x00, 0x1c, 0x00,
  0x1b, 0x00, 0x14, 0x00, 0x10, 0x00, 0x0c, 0x00, 0x00, 0x00, 0x00, 0x00,
  0x08, 0x00, 0x07, 0x00, 0x16, 0x00, 0x00, 0x00, 0x00, 0x00, 0x00, 0x01,
  0x18, 0x00, 0x00, 0x00, 0x30, 0x00, 0x00, 0x00, 0x50, 0x00, 0x00, 0x00,
  0x01, 0x00, 0x00, 0x00, 0x00, 0x00, 0x00, 0x09, 0x64, 0x00, 0x00, 0x00,
  0x03, 0x00, 0x00, 0x00, 0xff, 0xff, 0xff, 0xff, 0x64, 0x00, 0x00, 0x00,
  0x06, 0x00, 0x00, 0x00, 0x0c, 0x00, 0x0c, 0x00, 0x00, 0x00, 0x00, 0x00,
  0x08, 0x00, 0x04, 0x00, 0x0c, 0x00, 0x00, 0x00, 0x08, 0x00, 0x00, 0x00,
  0x14, 0x00, 0x00, 0x00, 0x01, 0x00, 0x00, 0x00, 0xf7, 0xff, 0xff, 0xff,
  0xff, 0xff, 0xff, 0xff, 0x00, 0x00, 0x00, 0x00, 0x01, 0x00, 0x00, 0x00,
  0x9e, 0xd5, 0x75, 0x3d, 0x18, 0x00, 0x00, 0x00, 0x73, 0x65, 0x72, 0x76,
  0x69, 0x6e, 0x67, 0x5f, 0x64, 0x65, 0x66, 0x61, 0x75, 0x6c, 0x74, 0x5f,
  0x77, 0x69, 0x6e, 0x64, 0x6f, 0x77, 0x3a, 0x30, 0x00, 0x00, 0x00, 0x00,
  0x03, 0x00, 0x00, 0x00, 0x01, 0x00, 0x00, 0x00, 0x64, 0x00, 0x00, 0x00,
  0x06, 0x00, 0x00, 0x00, 0x08, 0x00, 0x00, 0x00, 0xa4, 0x00, 0x00, 0x00,
  0x84, 0x00, 0x00, 0x00, 0x68, 0x00, 0x00, 0x00, 0x54, 0x00, 0x00, 0x00,
  0x40, 0x00, 0x00, 0x00, 0x2c, 0x00, 0x00, 0x00, 0x18, 0x00, 0x00, 0x00,
  0x04, 0x00, 0x00, 0x00, 0xa4, 0xff, 0xff, 0xff, 0x19, 0x00, 0x00, 0x00,
  0x02, 0x00, 0x00, 0x00, 0x00, 0x00, 0x00, 0x19, 0xb4, 0xff, 0xff, 0xff,
  0x09, 0x00, 0x00, 0x00, 0x04, 0x00, 0x00, 0x00, 0x00, 0x00, 0x00, 0x09,
  0xc4, 0xff, 0xff, 0xff, 0x28, 0x00, 0x00, 0x00, 0x02, 0x00, 0x00, 0x00,
  0x00, 0x00, 0x00, 0x28, 0xd4, 0xff, 0xff, 0xff, 0x11, 0x00, 0x00, 0x00,
  0x02, 0x00, 0x00, 0x00, 0x00, 0x00, 0x00, 0x11, 0xe4, 0xff, 0xff, 0xff,
  0x04, 0x00, 0x00, 0x00, 0x03, 0x00, 0x00, 0x00, 0x00, 0x00, 0x00, 0x04,
  0xd8, 0xff, 0xff, 0xff, 0x16, 0x00, 0x00, 0x00, 0x00, 0x00, 0x00, 0x16,
  0x0c, 0x00, 0x10, 0x00, 0x0f, 0x00, 0x00, 0x00, 0x08, 0x00, 0x04, 0x00,
  0x0c, 0x00, 0x00, 0x00, 0x03, 0x00, 0x00, 0x00, 0x03, 0x00, 0x00, 0x00,
  0x00, 0x00, 0x00, 0x03, 0x0c, 0x00, 0x0c, 0x00, 0x0b, 0x00, 0x00, 0x00,
  0x00, 0x00, 0x04, 0x00, 0x0c, 0x00, 0x00, 0x00, 0x46, 0x00, 0x00, 0x00,
  0x00, 0x00, 0x00, 0x46,
};
const unsigned int g_model_len = 23080;
